-- phpMyAdmin SQL Dump
-- version 5.1.0
-- https://www.phpmyadmin.net/
--
-- Máy chủ: 127.0.0.1
-- Thời gian đã tạo: Th6 26, 2022 lúc 04:31 AM
-- Phiên bản máy phục vụ: 10.4.19-MariaDB
-- Phiên bản PHP: 7.3.28

SET SQL_MODE = "NO_AUTO_VALUE_ON_ZERO";
START TRANSACTION;
SET time_zone = "+00:00";


/*!40101 SET @OLD_CHARACTER_SET_CLIENT=@@CHARACTER_SET_CLIENT */;
/*!40101 SET @OLD_CHARACTER_SET_RESULTS=@@CHARACTER_SET_RESULTS */;
/*!40101 SET @OLD_COLLATION_CONNECTION=@@COLLATION_CONNECTION */;
/*!40101 SET NAMES utf8mb4 */;

--
-- Cơ sở dữ liệu: `webtintuc`
--

-- --------------------------------------------------------

--
-- Cấu trúc bảng cho bảng `admin`
--

CREATE TABLE `admin` (
  `ID_ADMIN` int(10) UNSIGNED NOT NULL,
  `TEN_ADMIN` varchar(255) COLLATE utf8mb4_unicode_ci NOT NULL,
  `MATKHAU_ADMIN` varchar(255) COLLATE utf8mb4_unicode_ci NOT NULL,
  `EMAIL_ADMIN` varchar(255) COLLATE utf8mb4_unicode_ci NOT NULL,
  `MATKHAU_DUAN` varchar(255) COLLATE utf8mb4_unicode_ci NOT NULL,
  `created_at` timestamp NULL DEFAULT NULL,
  `updated_at` timestamp NULL DEFAULT NULL
) ENGINE=InnoDB DEFAULT CHARSET=utf8mb4 COLLATE=utf8mb4_unicode_ci;

--
-- Đang đổ dữ liệu cho bảng `admin`
--

INSERT INTO `admin` (`ID_ADMIN`, `TEN_ADMIN`, `MATKHAU_ADMIN`, `EMAIL_ADMIN`, `MATKHAU_DUAN`, `created_at`, `updated_at`) VALUES
(1, 'Admin', '81dc9bdb52d04dc20036dbd8313ed055', 'quyen190400@gmail.com', 'nylrrbsycocodlaj', NULL, NULL);

-- --------------------------------------------------------

--
-- Cấu trúc bảng cho bảng `bieumauccv`
--

CREATE TABLE `bieumauccv` (
  `ID_BMCCV` int(10) UNSIGNED NOT NULL,
  `ID_ADMIN` int(11) NOT NULL,
  `TEN_BMCCV` varchar(255) COLLATE utf8mb4_unicode_ci NOT NULL,
  `FILE_BMCCV` varchar(255) COLLATE utf8mb4_unicode_ci NOT NULL,
  `NGAYDANG_BMCCV` date NOT NULL,
  `created_at` timestamp NULL DEFAULT NULL,
  `updated_at` timestamp NULL DEFAULT NULL
) ENGINE=InnoDB DEFAULT CHARSET=utf8mb4 COLLATE=utf8mb4_unicode_ci;

--
-- Đang đổ dữ liệu cho bảng `bieumauccv`
--

INSERT INTO `bieumauccv` (`ID_BMCCV`, `ID_ADMIN`, `TEN_BMCCV`, `FILE_BMCCV`, `NGAYDANG_BMCCV`, `created_at`, `updated_at`) VALUES
(1, 1, 'ĐƠN ĐỀ NGHỊ BỔ NHIỆM LẠI CÔNG CHỨNG VIÊN\r\n', '/bieumauccv/tailieuxanh_tt01_2021_05_don_de_nghi_bo_nhiem_lai_ccv_882.doc', '2022-06-21', NULL, NULL),
(2, 1, 'ĐƠN ĐỀ NGHỊ BỔ NHIỆM CÔNG CHỨNG VIÊN', '/bieumauccv/tailieuxanh_tt01_2021_03_don_de_nghi_bo_nhiem_ccv_8744.doc', '2022-06-21', NULL, NULL),
(3, 1, 'GIẤY ĐĂNG KÝ THAM GIA \r\nKHÓA BỒI DƯỠNG NGHỀ CÔNG CHỨNG\r\n', '/bieumauccv/Mẫu giấy đăng ký bồi dưỡng nghề công chứng.docx', '2022-06-21', NULL, NULL),
(4, 1, 'ĐƠN ĐỀ NGHỊ MIỄN NHIỆM CÔNG CHỨNG VIÊN\r\n', '/bieumauccv/don-de-nghi-mien-nhiem-cong-chung-vien.doc', '2022-06-21', NULL, NULL),
(5, 1, 'GIẤY ĐỀ NGHỊ CÔNG NHẬN TƯƠNG ĐƯƠNG \r\nĐÀO TẠO NGHỀ CÔNG CHỨNG \r\n', '/bieumauccv/de-nghi-cong-nhan-tuong-duong-dao-tao-nghe-cong-chung.docx', '2022-06-21', NULL, NULL),
(6, 1, '    1ĐƠN ĐỀ NGHỊ BỔ NHIỆM LẠI CÔNG CHỨNG VIÊN    ', '/bieumau/tailieuxanh_tt01_2021_03_don_de_nghi_bo_nhiem_ccv_8744.doc', '2022-06-22', NULL, NULL);

-- --------------------------------------------------------

--
-- Cấu trúc bảng cho bảng `chuyenmucdiemtin`
--

CREATE TABLE `chuyenmucdiemtin` (
  `ID_CHUYENMUC_DT` int(10) UNSIGNED NOT NULL,
  `TEN_CHUYENMUC_DT` varchar(255) COLLATE utf8mb4_unicode_ci NOT NULL,
  `created_at` timestamp NULL DEFAULT NULL,
  `updated_at` timestamp NULL DEFAULT NULL
) ENGINE=InnoDB DEFAULT CHARSET=utf8mb4 COLLATE=utf8mb4_unicode_ci;

--
-- Đang đổ dữ liệu cho bảng `chuyenmucdiemtin`
--

INSERT INTO `chuyenmucdiemtin` (`ID_CHUYENMUC_DT`, `TEN_CHUYENMUC_DT`, `created_at`, `updated_at`) VALUES
(1, 'Tin tức', NULL, NULL),
(2, 'Sự kiện', NULL, NULL);

-- --------------------------------------------------------

--
-- Cấu trúc bảng cho bảng `chuyenmucphapluat`
--

CREATE TABLE `chuyenmucphapluat` (
  `ID_CHUYENMUC_PL` int(10) UNSIGNED NOT NULL,
  `TEN_CHUYENMUC_PL` varchar(255) COLLATE utf8mb4_unicode_ci NOT NULL,
  `created_at` timestamp NULL DEFAULT current_timestamp() ON UPDATE current_timestamp(),
  `updated_at` timestamp NULL DEFAULT current_timestamp() ON UPDATE current_timestamp()
) ENGINE=InnoDB DEFAULT CHARSET=utf8mb4 COLLATE=utf8mb4_unicode_ci;

--
-- Đang đổ dữ liệu cho bảng `chuyenmucphapluat`
--

INSERT INTO `chuyenmucphapluat` (`ID_CHUYENMUC_PL`, `TEN_CHUYENMUC_PL`, `created_at`, `updated_at`) VALUES
(1, 'Luật Nhà nước', '0000-00-00 00:00:00', '0000-00-00 00:00:00'),
(2, 'Luật hành chính', '0000-00-00 00:00:00', '0000-00-00 00:00:00'),
(3, 'Luật tài chính', '2022-06-08 07:01:32', '2022-06-08 07:01:32'),
(4, 'Luật đất đai', '2022-06-08 07:04:02', '0000-00-00 00:00:00'),
(5, 'Luật dân sự', '2022-06-08 07:04:17', '0000-00-00 00:00:00'),
(6, 'Luật lao động', '2022-06-08 07:05:13', '0000-00-00 00:00:00'),
(7, 'Luật hôn nhân và gia đình', '2022-06-08 16:13:07', '2022-06-08 16:13:07'),
(8, 'Luật hình sự', '2022-06-08 07:06:36', '0000-00-00 00:00:00'),
(9, 'Luật tố tụng hình sự', '2022-06-08 07:07:07', '0000-00-00 00:00:00'),
(10, 'Luật tố tụng dân sự', '2022-06-08 07:07:37', '0000-00-00 00:00:00'),
(11, 'Luật kinh tế', '2022-06-08 07:08:04', '0000-00-00 00:00:00'),
(12, 'Luật quốc tế', '2022-06-08 07:08:33', '0000-00-00 00:00:00'),
(13, 'Luật công chứng', '2022-06-08 07:23:48', '0000-00-00 00:00:00'),
(14, 'Luật nhà ở', '2022-06-08 08:00:00', '0000-00-00 00:00:00'),
(15, 'Luật kinh doanh bất động sản', '0000-00-00 00:00:00', '0000-00-00 00:00:00');

-- --------------------------------------------------------

--
-- Cấu trúc bảng cho bảng `chuyenmucthuvien`
--

CREATE TABLE `chuyenmucthuvien` (
  `ID_CHUYENMUC_TV` int(10) UNSIGNED NOT NULL,
  `TEN_CHUYENMUC_TV` varchar(255) COLLATE utf8mb4_unicode_ci NOT NULL,
  `created_at` timestamp NULL DEFAULT NULL,
  `updated_at` timestamp NULL DEFAULT NULL
) ENGINE=InnoDB DEFAULT CHARSET=utf8mb4 COLLATE=utf8mb4_unicode_ci;

--
-- Đang đổ dữ liệu cho bảng `chuyenmucthuvien`
--

INSERT INTO `chuyenmucthuvien` (`ID_CHUYENMUC_TV`, `TEN_CHUYENMUC_TV`, `created_at`, `updated_at`) VALUES
(1, 'Ảnh', '0000-00-00 00:00:00', '0000-00-00 00:00:00'),
(2, 'Video', '0000-00-00 00:00:00', '0000-00-00 00:00:00');

-- --------------------------------------------------------

--
-- Cấu trúc bảng cho bảng `chuyenmucvanban`
--

CREATE TABLE `chuyenmucvanban` (
  `ID_CHUYENMUC_VB` int(10) UNSIGNED NOT NULL,
  `TEN_CHUYENMUC_VB` varchar(255) COLLATE utf8mb4_unicode_ci NOT NULL,
  `created_at` timestamp NULL DEFAULT NULL,
  `updated_at` timestamp NULL DEFAULT NULL
) ENGINE=InnoDB DEFAULT CHARSET=utf8mb4 COLLATE=utf8mb4_unicode_ci;

--
-- Đang đổ dữ liệu cho bảng `chuyenmucvanban`
--

INSERT INTO `chuyenmucvanban` (`ID_CHUYENMUC_VB`, `TEN_CHUYENMUC_VB`, `created_at`, `updated_at`) VALUES
(1, 'Mẫu đơn', NULL, NULL),
(2, 'Hướng dẫn', NULL, NULL),
(3, 'Văn bản', NULL, NULL);

-- --------------------------------------------------------

--
-- Cấu trúc bảng cho bảng `diemtin`
--

CREATE TABLE `diemtin` (
  `ID_DT` int(10) UNSIGNED NOT NULL,
  `ID_CHUYENMUC_DT` int(11) NOT NULL,
  `ID_ADMIN` int(11) NOT NULL,
  `TIEUDE_DT` varchar(255) COLLATE utf8mb4_unicode_ci NOT NULL,
  `NOIDUNG_DT` text COLLATE utf8mb4_unicode_ci NOT NULL,
  `HINHANH_DT` varchar(255) COLLATE utf8mb4_unicode_ci NOT NULL,
  `NGAYDANG_DT` date NOT NULL,
  `created_at` timestamp NULL DEFAULT NULL,
  `updated_at` timestamp NULL DEFAULT NULL
) ENGINE=InnoDB DEFAULT CHARSET=utf8mb4 COLLATE=utf8mb4_unicode_ci;

--
-- Đang đổ dữ liệu cho bảng `diemtin`
--

INSERT INTO `diemtin` (`ID_DT`, `ID_CHUYENMUC_DT`, `ID_ADMIN`, `TIEUDE_DT`, `NOIDUNG_DT`, `HINHANH_DT`, `NGAYDANG_DT`, `created_at`, `updated_at`) VALUES
(9, 1, 1, 'QUY CHẾ PHỐI HỢP QUẢN LÝ VỀ TỔ CHỨC VÀ HOẠT ĐỘNG CÔNG CHỨNG TRÊN ĐIA BÀN THÀNH PHÔ CẦN THƠ', '<h1>&nbsp;</h1>\r\n\r\n<p>Vừa qua, ngày 20/4/2021, Hội Công chứng viên thành phố Cần Thơ và Sở Tư pháp ký kết Quy chế phối hợp quản lý về tổ chức và hoạt động công chứng trên địa bàn thành phố Cần Thơ.</p>\r\n\r\n<p>Nội dung phối hợp gồm: Phát triển đội ngũ công chứng viên, hội viên; xây dựng tổ chức hành nghề công chứng; quản lý công chứng viên, hội viên, tổ chức hành nghề công chứng và cơ sở dữ liệu công chứng; chế độ thông tin báo cáo, hội họp; giải quyết khiếu nại, tố cáo và một số nội dung khác.&nbsp;</p>\r\n\r\n<p>Việc ký kết Quy chế phối hợp nhằm tăng cường công tác quản lý nhà nước đồng thời phát huy vai trò tự quản của Hội Công chứng viên đối với hoạt động công chứng./.</p>\r\n', '/diemtin/anh.jpg', '2022-06-16', NULL, NULL),
(10, 1, 1, 'KÊ HOẠCH HOẠT ĐỘNG NĂM 2021', '<p><br />\r\nNgày 25/01/2021, Hội Công chứng viên thành phố Cần Thơ ban hành Kế hoạch số 07/KH-HCCV về triển hoạt động năm 2021. Theo đó, thực hiện trọng tâm các công tác như: Quản lý hội viên; Giám sát chấp hành pháp luật&nbsp;của&nbsp;công chứng viên, tổ chức hành nghề công chứng;&nbsp;Bồi dưỡng nghiệp vụ và giao lưu, học tập kinh nghiệm;&nbsp;tác tổ chức Đại hội Công chứng viên thành phố Cần Thơ lần thứ II, nhiệm kỳ 2015 - 2020;&nbsp;phối hợp với Sở Tư pháp&nbsp;trong công tác quản lý nhà nước về tổ chức và hoạt động công chứng<strong>.</strong></p>\r\n\r\n<p>Thông qua các hoạt động, nhằm&nbsp;phát huy vai trò tự quản của Hội công chứng viên trong quản lý hoạt động công chứng;&nbsp;nâng cao hiệu quả hoạt động của Công chứng viên, đáp ứng yêu cầu phát triển lĩnh vực công chứng trên địa bàn thành phố./.</p>\r\n', '/diemtin/anh1.jpg', '2022-06-16', NULL, NULL),
(11, 2, 1, 'Triển khai Nghị Quyết 01/NQ-HĐCCVTQ về việc trích nộp phí Hội viên năm 2020', '<table border=\"0\" cellpadding=\"0\" cellspacing=\"0\">\r\n	<tbody>\r\n		<tr>\r\n			<td style=\"vertical-align:top\">\r\n			<p><strong>ỦY BAN NHÂN DÂN<br />\r\n			THÀNH PHỐ CẦN THƠ<br />\r\n			--------</strong></p>\r\n			</td>\r\n			<td style=\"vertical-align:top\">\r\n			<p><strong>CỘNG HÒA XÃ HỘI CHỦ NGHĨA VIỆT NAM<br />\r\n			Độc lập - Tự do - Hạnh phúc<br />\r\n			---------------</strong></p>\r\n			</td>\r\n		</tr>\r\n		<tr>\r\n			<td style=\"vertical-align:top\">\r\n			<p>Số: 3549/QĐ-UBND</p>\r\n			</td>\r\n			<td style=\"vertical-align:top\">\r\n			<p><em>Cần Thơ, ngày 03 tháng 12 năm 2014</em></p>\r\n			</td>\r\n		</tr>\r\n	</tbody>\r\n</table>\r\n\r\n<p>&nbsp;</p>\r\n\r\n<p><strong>QUYẾT ĐỊNH</strong></p>\r\n\r\n<p>VỀ VIỆC CÔNG BỐ THỦ TỤC HÀNH CHÍNH THUỘC THẨM QUYỀN GIẢI QUYẾT CỦA SỞ TÀI NGUYÊN VÀ MÔI TRƯỜNG</p>\r\n\r\n<p><strong>CHỦ TỊCH ỦY BAN NHÂN DÂN THÀNH PHỐ CẦN THƠ</strong></p>\r\n\r\n<p><em>Căn cứ Luật Tổ chức Hội đồng nhân dân và Ủy ban nhân dân ngày 26 tháng 11 năm 2003;</em></p>\r\n\r\n<p><em>Căn cứ Nghị định số 63/2010/NĐ-CP ngày 08 tháng 6 năm 2010 của Chính phủ về kiểm soát thủ tục hành chính và Nghị định số 48/2013/NĐ-CP ngày 14 tháng 5 năm 2013 của Chính phủ về sửa đổi, bổ sung một số điều của các nghị định liên quan đến kiểm soát thủ tục hành chính;</em></p>\r\n\r\n<p><em>Căn cứ Thông tư số 05/2014/TT-BTP ngày 07 tháng 02 năm 2014 của Bộ Tư pháp hướng dẫn công bố, niêm yết thủ tục hành chính và báo cáo về tình hình, kết quả thực hiện kiểm soát thủ tục hành chính;</em></p>\r\n\r\n<p><em>Xét đề nghị của Giám đốc Sở Tài nguyên và Môi trường và Giám đốc Sở Tư pháp,</em></p>\r\n\r\n<p><strong>QUYẾT ĐỊNH:</strong></p>\r\n\r\n<p><strong>Điều 1.&nbsp;</strong>Công bố kèm theo Quyết định này 21 thủ tục hành chính mới ban hành, 28 thủ tục hành chính được sửa đổi, bổ sung và 09 thủ tục hành chính bị bãi bỏ thuộc thẩm quyền giải quyết của Sở Tài nguyên và Môi trường.</p>\r\n\r\n<p><strong>Điều 2.&nbsp;</strong>Quyết định này có hiệu lực thi hành kể từ ngày ký.</p>\r\n\r\n<p><strong>Điều 3.&nbsp;</strong>Chánh Văn phòng Ủy ban nhân dân thành phố, Giám đốc Sở Tài nguyên và Môi trường, Giám đốc Sở Tư pháp và các tổ chức, cá nhân có liên quan chịu trách nhiệm thi hành Quyết định này./.</p>\r\n\r\n<p>&nbsp;</p>\r\n\r\n<table border=\"0\" cellpadding=\"0\" cellspacing=\"0\">\r\n	<tbody>\r\n		<tr>\r\n			<td style=\"vertical-align:top\">\r\n			<p><strong>&nbsp;</strong></p>\r\n			</td>\r\n			<td style=\"vertical-align:top\">\r\n			<p><strong>CHỦ TỊCH<br />\r\n			<br />\r\n			<br />\r\n			<br />\r\n			<br />\r\n			Lê Hùng Dũng</strong></p>\r\n			</td>\r\n		</tr>\r\n	</tbody>\r\n</table>\r\n', '/diemtin/anh2.jpg', '2022-06-16', NULL, NULL),
(12, 2, 1, 'HỘI CÔNG CHỨNG VIÊN TỈNH BÌNH DƯƠNG TỔ CHỨC ĐẠI HỘI NHIỆM KỲ 2021-2024 22/02/2022', '<h1>Hội Công chứng viên tỉnh Bình Dương tổ chức đại hội nhiệm kỳ 2021-2024</h1>\r\n\r\n<p>Cập nhật: 19-02-2022 | 15:08:36</p>\r\n\r\n<ul>\r\n</ul>\r\n\r\n<p><strong>(BDO)&nbsp;</strong>Sáng 19-2, Hội Công chứng viên tỉnh đã tổ chức đại hội lần thứ II nhiệm kỳ 2021-2024. Tham dự hội nghị có ông Nguyễn Thanh Bình, Cục trưởng Cục Công tác phía Nam, Bộ Tư pháp; ông Hoàng Xuân Hoan, Phó Chủ tịch Hiệp hội Công chứng viên Việt Nam; lãnh đạo một số cơ quan, ban, ngành, đoàn thể cùng 72 đại biểu là hội viên, công chứng viên đến từ 39 tổ chức hành nghề công chứng trên địa bàn tỉnh.</p>\r\n\r\n<p><img alt=\"\" src=\"https://baobinhduong.vn/image/fckeditor/upload/2022/20220219/images/IMG_2176.jpg\" /><br />\r\nCác đại biểu bỏ phiếu bầu Ban Chấp hành hội khóa mới</p>\r\n\r\n<p>Hội Công chứng viên tỉnh là một tổ chức xã hội nghề nghiệp. Trong nhiệm kỳ qua, hội đã thực hiện tốt chức năng bảo vệ quyền và lợi ích hợp pháp cho hội viên; đồng thời phối hợp với cơ quan quản lý nhà nước thực hiện công tác quản lý hoạt động công chứng trên địa bàn tỉnh hiệu quả, góp phần bảo đảm an toàn pháp lý đối với các hoạt động giao dịch dân sự trên địa bàn tỉnh.&nbsp;</p>\r\n\r\n<p>Trong nhiệm kỳ qua, số lượng hội viên ngày càng tăng, tạo được nguồn nhân lực ổn định cho nghề công chứng phát triển, đáp ứng nhu cầu phát triển kinh tế - xã hội của tỉnh nhà.</p>\r\n', '/diemtin/anh7.jpg', '2022-06-16', NULL, NULL),
(13, 1, 1, 'VIỆT NAM TỔ CHỨC HỘI NGHỊ LIÊN MINH CÔNG CHỨNG QUỐC TẾ LẦN THỨ 10 25/09/2021', '<h1>Thủ tướng dự hội nghị xúc tiến thương mại, đầu tư Việt Nam - Hoa Kỳ</h1>\r\n\r\n<p><strong>Bích Ngọc</strong>Thứ tư, 18/5/2022&nbsp;|&nbsp;11:30 GMT+7</p>\r\n\r\n<h2>Thủ tướng đề nghị đầu tư, hợp tác vào các lĩnh vực mang tính toàn cầu như vấn đề chống biến đổi khí hậu, chuyển đổi năng lượng xanh, năng lượng sạch, chuyển đổi số, khoa học, công nghệ...</h2>\r\n\r\n<table align=\"center\" border=\"0\" cellpadding=\"3\" cellspacing=\"0\">\r\n	<tbody>\r\n		<tr>\r\n			<td><img alt=\"Thủ tướng dự hội nghị xúc tiến thương mại, đầu tư Việt Nam - Hoa Kỳ\" src=\"https://i.doanhnhansaigon.vn/2022/05/18/thutuongduhoinghixuctienthuongmaiautuvietnamhoaky-1652848139_750x0.jpeg\" /></td>\r\n		</tr>\r\n		<tr>\r\n			<td>\r\n			<p>Thủ tướng Phạm Minh Chính dự Hội nghị xúc tiến thương mại-đầu tư-du lịch giữa Việt Nam và Hoa Kỳ. Ảnh: Dương Giang/TTXVN</p>\r\n\r\n			<p>&nbsp;</p>\r\n			</td>\r\n		</tr>\r\n	</tbody>\r\n</table>\r\n\r\n<p>Nhân dịp tham dự Hội nghị cấp cao đặc biệt ASEAN-Hoa Kỳ, thăm và làm việc tại Hoa Kỳ và Liên Hiệp Quốc, Thủ tướng Phạm Minh Chính ngày 17/5/2022 đã dự Hội nghị xúc tiến Thương mại-Đầu tư-Du lịch giữa Việt Nam-Hoa Kỳ do Vietnam Airlines phối hợp cùng Saigontourist Group và Thiên Minh Group tổ chức.</p>\r\n\r\n<p>Với chủ đề \"Rediscovering Vietnam\", Hội nghị truyền tải thông điệp về sự phục hồi, mở cửa và phát triển mạnh mẽ của Việt Nam sau 2 năm đại dịch, cùng triển vọng quan hệ tốt đẹp giữa Việt Nam và Hoa Kỳ trong tương lai.</p>\r\n\r\n<p>Phát biểu tại sự kiện, Thủ tướng Phạm Minh Chính cho biết, quan hệ Việt Nam-Hoa Kỳ trải qua nhiều thăng trầm, và sau 27 năm bình thường hóa, quan hệ 2 nước ngày càng tốt hơn, mang lại hiệu quả cho cả hai, góp phần vào hòa bình, hợp tác, phát triển trên thế giới. Trong đó, quan hệ thương mại, đầu tư, tài chính, khoa học, giáo dục trở thành trụ cột trong quan hệ hai nước.</p>\r\n\r\n<p>Đồng thời, sự kiện cũng giới thiệu tới đông đảo đối tác, người tiêu dùng Hoa Kỳ về những nông sản nổi bật của Việt Nam. UBND tỉnh Bắc Giang, Vietnam Airlines và các đối tác Hoa Kỳ đã ký biên bản hợp tác về xúc tiến xuất khẩu, tiêu thụ vải thiều và nông sản Bắc Giang.</p>\r\n\r\n<p>Tại Hội nghị, Vietnam Airlines giới thiệu đường bay thẳng Hoa Kỳ-Việt Nam, giúp nhanh chóng kết nối thương mại, du lịch hai nước. Hiện, hãng hàng không đang khai thác 4 chuyến bay/tuần giữa San Francisco và TP.HCM.&nbsp;Vietnam Airlines dự kiến sẽ tăng tần suất bay thẳng Hoa Kỳ lên hằng ngày vào năm 2023, và đang nghiên cứu mở đường bay chuyên chở hàng hóa giữa TP.HCM và Los Angeles.</p>\r\n\r\n<p>Saigontourist Group nhấn mạnh lợi thế sở hữu hàng trăm khách sạn, khu nghỉ dưỡng, nhà hàng, khu giải trí, sân golf, trung tâm hội nghị cao cấp, cùng mạng lưới đối tác tàu biển rộng lớn của Hoa Kỳ; hàng năm đón tiếp phục vụ hàng trăm ngàn lượt khách Hoa Kỳ doanh thu mang lại hàng nghìn tỷ đồng.&nbsp;Saigontourist Group sẽ tiếp tục đầu tư, nâng tầm dịch vụ các sản phẩm du lịch, đặc biệt các dòng sản phẩm được du khách Hoa Kỳ ưa chuộng, như du lịch nghỉ dưỡng cao cấp (Premium Travel), du lịch biển và du lịch chăm sóc sức khỏe (Wellness Tourism).</p>\r\n', '/diemtin/anh3.jpg', '2022-06-16', NULL, NULL),
(14, 1, 1, 'ĐẠI HỘI HỘI CÔNG CHỨNG VIÊN TỈNH NINH THUẬN LẦN THỨ II, NHIỆM KỲ 2021-2024 29/11/2021', '<p>Cùng với sự phát triển kinh tế-xã hội, nhu cầu công chứng hợp đồng giao dịch ngày càng tăng, dẫn đến số lượng tổ chức hành nghề công chứng cũng như số lượng công chứng viên hành nghề ngày càng nhiều. Đến nay, toàn tỉnh có 7 tổ chức hành nghề công chứng, với 12 hội viên. Nhiệm kỳ qua, Hội CCV tỉnh cơ bản tuân thủ đúng quy định của pháp luật, chịu sự quản lý nhà nước của các cơ quan có thẩm quyền, đáp ứng được nhu cầu của cá nhân, tổ chức tham gia vào các giao dịch dân sự, kinh tế, giảm tải cho nhiều dịch vụ công do nhà nước thực hiện. Qua hoạt động công chứng đã đóng góp tích cực vào sự phát triển kinh tế - xã hội của tỉnh trong thời kỳ cải cách mạnh mẽ nền hành chính, tư pháp quốc gia.</p>\r\n\r\n<p><img alt=\"Ban Chấp hành Hội CCV tỉnh lần thứ II, nhiệm kỳ 2021-2024 ra mắt Đại hội.\" src=\"https://vietnamnotary.org/files/files/dai-hoi-hoi-cong-chung-vien-tinh-ninh-thuan-lan-thu-ii-nhiem-ky-2021-2024-1.jpg\" /></p>\r\n\r\n<p><em>Ban Chấp hành Hội CCV tỉnh lần thứ II, nhiệm kỳ 2021-2024 ra mắt Đại hội.</em></p>\r\n\r\n<p>Nhiệm kỳ 2021 – 2024, Hội CCV tỉnh tập trung thực hiện một số nhiệm vụ trọng tâm: Tiếp tục hoàn thiện tổ chức hội; đẩy mạnh thông tin hoạt động, truyền đạt chủ trương của Hội đến từng hội viên; bồi dưỡng nghiệp vu công chứng hàng năm cho hội viên...</p>\r\n\r\n<p>Đại hội Hội CCV nhiệm kỳ 2021-2024 đã bầu Ban Chấp hành gồm 3 đồng chí. Ông Mai Hạnh tiếp tục được tín nhiệm bầu Chủ tịch Hội CCV tỉnh, nhiệm kỳ 2021-2024. Đại hội bầu Đoàn đại biểu dự Đại hội Đại biểu CCV toàn quốc, lần thứ II, nhiệm kỳ 2021-2024 gồm 1 đồng chí.</p>\r\n', '/diemtin/anh7.jpg', '2022-06-16', NULL, NULL),
(15, 2, 1, 'ĐẠI HỘI HỘI CÔNG CHỨNG VIÊN TỈNH ĐẮK NÔNG LẦN THỨ II', '<p>28/11/2021</p>\r\n\r\n<p>Nhiệm kỳ qua, các tổ chức hành nghề công chứng trên địa bàn tỉnh tăng cả về số lượng, chất lượng, hoạt động ổn định, phục vụ tốt nhu cầu của người dân trên địa bàn.</p>\r\n\r\n<p>Hội Công chứng viên hiện có 30 công chứng viên hành nghề tại 15 tổ chức công chứng trong&nbsp;toàn tỉnh. Các văn phòng công chứng&nbsp;được thành lập tại&nbsp;các huyện, thành phố,&nbsp;tạo điều kiện thuận lợi cho người dân&nbsp;tiếp cận dịch vụ pháp lý, có nhiều cơ hội lựa chọn tổ chức hành nghề công chứng và công chứng viên, tạo điều kiện cho nghề công chứng phát triển.</p>\r\n\r\n<p><img alt=\"\" src=\"https://vietnamnotary.org/files/files/dai-hoi-hoi-cong-chung-vien-tinh-dak-nong-lan-thu-ii-1.jpg\" /></p>\r\n\r\n<p>Riêng 6 tháng đầu năm 2021, các văn phòng công chứng trên toàn tỉnh công chứng được 30.652 việc; chứng thực 88.397 bản sao và 1.013 việc chứng thực chữ ký, nộp ngân sách nhà nước hơn 718 triệu đồng.</p>\r\n\r\n<table align=\"center\">\r\n	<tbody>\r\n		<tr>\r\n			<td><img alt=\"Ban Chấp hành Hội Công chứng viên tỉnh Đắk Nông khóa II gồm 5 ủy viên\" src=\"https://vietnamnotary.org/files/files/ban-chap-hanh-hoi-cong-chung-vien-tinh-dak-nong-khoa-ii-gom-5-uy-vien.jpg\" /></td>\r\n		</tr>\r\n		<tr>\r\n			<td>\r\n			<p>Ban Chấp hành Hội Công chứng viên tỉnh Đắk Nông khóa II gồm 5 ủy viên</p>\r\n			</td>\r\n		</tr>\r\n	</tbody>\r\n</table>\r\n\r\n<p>Nhiệm kỳ 2021-2024, Hội tiếp tục phát huy tốt vai trò bảo vệ quyền, lợi ích hợp pháp, bồi dưỡng chuyên môn, nhiệm vụ, đạo đức nghề nghiệp cho các công chứng viên để hoạt động công chứng luôn ổn định và chất lượng, góp phần phát triển kinh tế, xã hội tại địa phương…</p>\r\n\r\n<p>Đại hội đã bầu Ban Chấp hành Hội Công chứng viên tỉnh Đắk Nông khóa II gồm 5 ủy&nbsp;viên. Bà Trần Thị Thu tái đắc cử chức danh Chủ tịch Hội Công chứng tỉnh Đắk Nông khóa II,&nbsp;&nbsp;nhiệm kỳ 2021-2024.</p>\r\n', '/diemtin/anh8.jpg', '2022-06-16', NULL, NULL),
(16, 1, 1, 'HIỆP HỘI CÔNG CHỨNG VIÊN VIỆT NAM CẦN VƯƠN TỚI TỰ CHỦ, TỰ QUẢN 28/09/2020', '<p>28/09/2020</p>\r\n\r\n<p>Báo cáo của Hiệp hội cho thấy, do mới được thành lập nên hoạt động của Hiệp hội gặp khá nhiều bỡ ngỡ, khó khăn, lúng túng. Tuy nhiên, với sự giúp đỡ tận tình của Cục Bổ trợ tư pháp nên đến nay, qua gần 1 năm hình thành, nhìn chung, một số công việc cơ bản của Hiệp hội cũng đã được khởi động và có kết quả bước đầu. Những kết quả này chưa nhiều song đã đặt nền móng ban đầu tạo cơ sở pháp lý cho tổ chức, hoạt động của Hiệp hội.</p>\r\n\r\n<p><img alt=\"\" src=\"https://vietnamnotary.org/files/images/NEWS/Hiep-hoi-Cong-chung-vien-Viet-Nam-can-vuon-toi-tu-chu-tu-quan.jpg\" /></p>\r\n\r\n<p>Chủ tịch Hiệp hội Tuấn Đạo Thanh chia sẻ thêm một số khó khăn, vướng mắc hiện nay như còn 10 địa phương chưa thành lập được Hội Công chứng viên; các địa phương thực hiện rất khác nhau khi triển khai Luật Quy hoạch; việc bảo hiểm trách nhiệm nghề nghiệp của công chứng viên rất hình thức và mỗi nơi mỗi khác… Từ những khó khăn trên, ông Thanh mong Bộ Tư pháp quan tâm chỉ đạo để Sở Tư pháp đốc thúc thành lập sớm Hội Công chứng viên địa phương; ban hành tiêu chí mẫu liên quan đến quy hoạch để các địa phương thống nhất thực hiện; làm việc với Bộ Tài chính để thống nhất bộ mẫu quy tắc bảo hiểm của công chứng viên áp dụng chung cho cả nước…</p>\r\n\r\n<p><img alt=\"\" src=\"https://vietnamnotary.org/files/images/NEWS/Hiep-hoi-Cong-chung-vien-Viet-Nam-can-vuon-toi-tu-chu-tu-quan-1.jpg\" /></p>\r\n\r\n<p>Về phương hướng, nhiệm vụ thời gian tới, ông Thanh cho biết sẽ ban hành các quy chế tạo cơ sở pháp lý cho bộ máy Hiệp hội hoạt động thuận lợi; đại diện, bảo vệ quyền lợi của hội viên và kiểm tra, giám sát hội viên. Bên cạnh đó, sẽ đóng góp, xây dựng chính sách, pháp luật liên quan đến hoạt động nghề; hướng dẫn thống nhất cơ sở dữ liệu công chứng; tham gia hợp tác về công chứng trong nước và quốc tế…</p>\r\n', '/diemtin/anh9.jpg', '2022-06-16', NULL, NULL);

-- --------------------------------------------------------

--
-- Cấu trúc bảng cho bảng `hoivien`
--

CREATE TABLE `hoivien` (
  `ID_HV` int(10) UNSIGNED NOT NULL,
  `ID_ADMIN` int(11) NOT NULL,
  `TEN_HV` varchar(255) COLLATE utf8mb4_unicode_ci NOT NULL,
  `ANH_HV` varchar(255) COLLATE utf8mb4_unicode_ci NOT NULL,
  `VANPHONG_HV` varchar(255) COLLATE utf8mb4_unicode_ci NOT NULL,
  `created_at` timestamp NULL DEFAULT NULL,
  `updated_at` timestamp NULL DEFAULT NULL
) ENGINE=InnoDB DEFAULT CHARSET=utf8mb4 COLLATE=utf8mb4_unicode_ci;

--
-- Đang đổ dữ liệu cho bảng `hoivien`
--

INSERT INTO `hoivien` (`ID_HV`, `ID_ADMIN`, `TEN_HV`, `ANH_HV`, `VANPHONG_HV`, `created_at`, `updated_at`) VALUES
(1, 1, 'NCS.Ths. Nguyễn Thanh Đình', '/hoivien/anh.png', 'Văn phòng công chứng Nguyễn Thanh Đình', NULL, NULL),
(2, 1, 'Nguyễn Thanh Toàn', '/hoivien/anh1.png', 'Văn phòng công chứng Nguyễn Thanh Đình', NULL, NULL),
(3, 1, 'Trương Mộng Quỳnh', '/hoivien/anh2.png', 'Văn phòng công chứng Nguyễn Thanh Đình', NULL, NULL),
(4, 1, 'Ths. Lê Nguyễn Nhu', '/hoivien/anh3.png', 'Văn phòng công chứng Nguyễn Thanh Đình', NULL, NULL),
(5, 1, 'Chử Duy Thanh', '/hoivien/anh4.jpg', 'Văn phòng công chứng Nguyễn Thanh Đình', NULL, NULL);

-- --------------------------------------------------------

--
-- Cấu trúc bảng cho bảng `khach`
--

CREATE TABLE `khach` (
  `ID_KHACH` int(10) UNSIGNED NOT NULL,
  `EMAIL_KHACH` varchar(255) COLLATE utf8mb4_unicode_ci NOT NULL,
  `created_at` timestamp NULL DEFAULT NULL,
  `updated_at` timestamp NULL DEFAULT NULL
) ENGINE=InnoDB DEFAULT CHARSET=utf8mb4 COLLATE=utf8mb4_unicode_ci;

--
-- Đang đổ dữ liệu cho bảng `khach`
--

INSERT INTO `khach` (`ID_KHACH`, `EMAIL_KHACH`, `created_at`, `updated_at`) VALUES
(3, 'hquyenvacayanqua@gmail.com', NULL, NULL);

-- --------------------------------------------------------

--
-- Cấu trúc bảng cho bảng `lienketwebsite`
--

CREATE TABLE `lienketwebsite` (
  `ID_LKWEB` int(10) UNSIGNED NOT NULL,
  `ID_ADMIN` int(11) NOT NULL,
  `TEN_LKWEB` varchar(255) COLLATE utf8mb4_unicode_ci NOT NULL,
  `LINK_LKWEB` varchar(255) COLLATE utf8mb4_unicode_ci NOT NULL,
  `created_at` timestamp NULL DEFAULT NULL,
  `updated_at` timestamp NULL DEFAULT NULL
) ENGINE=InnoDB DEFAULT CHARSET=utf8mb4 COLLATE=utf8mb4_unicode_ci;

--
-- Đang đổ dữ liệu cho bảng `lienketwebsite`
--

INSERT INTO `lienketwebsite` (`ID_LKWEB`, `ID_ADMIN`, `TEN_LKWEB`, `LINK_LKWEB`, `created_at`, `updated_at`) VALUES
(1, 1, 'Hội công chứng viên Việt Nam', 'https://www.vietnamnotary.org/', NULL, NULL),
(2, 1, 'Sở công thương thành phố Cần Thơ', 'https://congthuong.vn/', NULL, NULL),
(3, 1, 'Báo Cần Thơ', 'https://baocantho.com.vn/', NULL, NULL);

-- --------------------------------------------------------

--
-- Cấu trúc bảng cho bảng `migrations`
--

CREATE TABLE `migrations` (
  `id` int(10) UNSIGNED NOT NULL,
  `migration` varchar(255) COLLATE utf8mb4_unicode_ci NOT NULL,
  `batch` int(11) NOT NULL
) ENGINE=InnoDB DEFAULT CHARSET=utf8mb4 COLLATE=utf8mb4_unicode_ci;

--
-- Đang đổ dữ liệu cho bảng `migrations`
--

INSERT INTO `migrations` (`id`, `migration`, `batch`) VALUES
(1, '2014_10_12_100000_create_password_resets_table', 1),
(2, '2019_08_19_000000_create_failed_jobs_table', 1),
(3, '2019_12_14_000001_create_personal_access_tokens_table', 1),
(4, '2022_06_04_041010_create_admin_table', 1),
(5, '2022_06_04_042212_create_admin_table', 2),
(6, '2022_06_04_063846_create_loaidiemtin_table', 3),
(7, '2022_06_07_032500_create_diemtin_table', 4),
(8, '2022_06_07_033142_create_phapluat_table', 5),
(9, '2022_06_07_033212_create_chuyenmuc_phapluat_table', 5),
(10, '2022_06_07_034155_create_chuyenmuc_vanban_table', 6),
(11, '2022_06_07_034215_create_vanban_table', 6),
(12, '2022_06_07_034924_create_phapluat_table', 7),
(13, '2022_06_07_035006_create_diemtin_table', 7),
(14, '2022_06_07_035157_create_khach_table', 8),
(15, '2022_06_07_040009_create_hoivien_table', 9),
(16, '2022_06_07_040222_create_vanphongcongchung_table', 10),
(17, '2022_06_07_152202_create_diemtin_table', 11),
(18, '2022_06_07_152530_create_phapluat_table', 12),
(19, '2022_06_07_152857_create_khach_table', 13),
(20, '2022_06_07_153721_create_chuyenmucdiemtin_table', 14),
(21, '2022_06_07_154101_create_chuyenmucphapluat_table', 15),
(22, '2022_06_07_154224_create_chuyenmucvanban_table', 16),
(23, '2022_06_07_154410_create_diemtin_table', 17),
(24, '2022_06_07_154625_create_hocvien_table', 18),
(25, '2022_06_07_154743_create_ykiendonggop_table', 19),
(26, '2022_06_14_032530_create_hocvien_table', 20),
(27, '2022_06_17_042958_create_ykiendonggop_table', 21),
(28, '2022_06_17_043429_create_khach_table', 22),
(29, '2022_06_21_023209_create_chuyenmucthuvien_table', 23),
(30, '2022_06_21_023338_create_thuvien_table', 23),
(31, '2022_06_21_023513_create_bieumauccv_table', 23),
(32, '2022_06_21_023733_create_lienketwebsite_table', 23);

-- --------------------------------------------------------

--
-- Cấu trúc bảng cho bảng `phapluat`
--

CREATE TABLE `phapluat` (
  `ID_PL` int(10) UNSIGNED NOT NULL,
  `ID_CHUYENMUC_PL` int(11) NOT NULL,
  `ID_ADMIN` int(11) NOT NULL,
  `TIEUDE_PL` varchar(255) COLLATE utf8mb4_unicode_ci NOT NULL,
  `NOIDUNG_PL` text COLLATE utf8mb4_unicode_ci NOT NULL,
  `FILE_PL` varchar(255) COLLATE utf8mb4_unicode_ci NOT NULL,
  `NGAYDANG_PL` date NOT NULL,
  `created_at` timestamp NULL DEFAULT NULL,
  `updated_at` timestamp NULL DEFAULT NULL
) ENGINE=InnoDB DEFAULT CHARSET=utf8mb4 COLLATE=utf8mb4_unicode_ci;

--
-- Đang đổ dữ liệu cho bảng `phapluat`
--

INSERT INTO `phapluat` (`ID_PL`, `ID_CHUYENMUC_PL`, `ID_ADMIN`, `TIEUDE_PL`, `NOIDUNG_PL`, `FILE_PL`, `NGAYDANG_PL`, `created_at`, `updated_at`) VALUES
(1, 13, 1, 'THÔNG TƯ LIÊN TỊCH\r\nSửa đổi, bổ sung một số điều của \r\nThông tư liên tịch số 08/2012/TTLT-BTC-BTP ngày 19 tháng 01 năm 2012 hướng dẫn về mức thu, chế độ thu, nộp, quản lý và sử dụng phí công chứng\r\n', 'Căn cứ Nghị định số 29/2015/NĐ-CP ngày 15 tháng 3 năm 2015 của Chính phủ quy định chi tiết và hướng dẫn thi hành một số điều của Luật công chứng;\r\nCăn cứ Nghị định số 215/2013/NĐ-CP ngày 23 tháng 12 năm 2013 của Chính phủ quy định chức năng, nhiệm vụ, quyền hạn và cơ cấu tổ chức của Bộ Tài chính;\r\nCăn cứ Nghị định số 22/2013/NĐ-CP ngày 13 tháng 3 năm 2013 của Chính phủ quy định chức năng, nhiệm vụ, quyền hạn và cơ cấu tổ chức của Bộ Tư pháp;\r\nBộ trưởng Bộ Tài chính và Bộ trưởng Bộ Tư pháp ban hành Thông tư liên tịch sửa đổi, bổ sung một số điều của Thông tư liên tịch số 08/2012/TTLT-BTC-BTC  ngày 19 tháng 01 năm 2012 hướng dẫn về mức thu, chế độ thu, nộp, quản lý và sử dụng phí công chứng\r\n', '/phapluat/thong-tu-so-115-2015-ttlt-btc-btp35.6.doc', '2022-06-08', '0000-00-00 00:00:00', '0000-00-00 00:00:00'),
(10, 13, 1, 'THÔNG TƯ LIÊN TỊCH Sửa đổi, bổ sung một số điều của  Thông tư liên tịch số 08/2012/TTLT-BTC-BTP ngày 19 tháng 01 năm 2012 hướng dẫn về mức thu, chế độ thu, nộp, quản lý và sử dụng phí công chứng', '<table border=\"0\" cellpadding=\"0\" cellspacing=\"0\">\r\n	<tbody>\r\n		<tr>\r\n			<td style=\"vertical-align:top\">\r\n			<p><strong>BỘ TÀI CHÍNH -<br />\r\n			BỘ TƯ PHÁP<br />\r\n			--------</strong></p>\r\n			</td>\r\n			<td style=\"vertical-align:top\">\r\n			<p><strong>CỘNG HÒA XÃ HỘI CHỦ NGHĨA VIỆT NAM<br />\r\n			Độc lập - Tự do - Hạnh phúc<br />\r\n			---------------</strong></p>\r\n			</td>\r\n		</tr>\r\n		<tr>\r\n			<td style=\"vertical-align:top\">\r\n			<p>Số: 115/2015/TTLT-BTC-BTP</p>\r\n			</td>\r\n			<td style=\"vertical-align:top\">\r\n			<p><em>Hà Nội, ngày 11 tháng 8 năm 2015</em></p>\r\n			</td>\r\n		</tr>\r\n	</tbody>\r\n</table>\r\n\r\n<p><strong>&nbsp;</strong></p>\r\n\r\n<p><a name=\"loai_1\"><strong>THÔNG TƯ LIÊN TỊCH</strong></a></p>\r\n\r\n<p><a name=\"loai_1_name\">SỬA ĐỔI, BỔ SUNG MỘT SỐ ĐIỀU CỦA THÔNG TƯ LIÊN TỊCH SỐ 08/2012/TTLT-BTC-BTP NGÀY 19 THÁNG 01 NĂM 2012 HƯỚNG DẪN VỀ MỨC THU, CHẾ ĐỘ THU, NỘP, QUẢN LÝ VÀ SỬ DỤNG PHÍ CÔNG CHỨNG</a></p>\r\n\r\n<p><em>Căn cứ Nghị định số 57/2002/NĐ-CP ngày 03 tháng 6 năm 2002 của Chính phủ quy định chi tiết thi hành Pháp lệnh phí và lệ phí; Nghị định số 24/2006/NĐ-CP ngày 06 tháng 3 năm 2006 sửa đổi, bổ sung một số điều của Nghị định số 57/2002/NĐ-CP;</em></p>\r\n\r\n<p><em>Căn cứ Nghị định số 29/2015/NĐ-CP ngày 15 tháng 3 năm 2015 của Chính phủ quy định chi tiết và hướng dẫn thi hành một số điều của Luật công chứng;</em></p>\r\n\r\n<p><em>Căn cứ Nghị định số 215/2013/NĐ-CP ngày 23 tháng 12 năm 2013 của Chính phủ quy định chức năng, nhiệm vụ, quyền hạn và cơ cấu tổ chức của Bộ Tài chính</em><em>;</em></p>\r\n\r\n<p><em>Căn cứ Nghị định số 22/2013/NĐ-CP ngày 13 tháng 3 năm 2013&nbsp;của Chính phủ quy định chức năng, nhiệm vụ, quyền hạn và cơ cấu tổ chức của Bộ Tư pháp;</em></p>\r\n\r\n<p><em>Bộ trưởng Bộ Tài chính và Bộ trưởng Bộ Tư pháp ban hành Thông tư liên tịch sửa đổi, bổ sung một số điều của Thông tư liên tịch số 08/2012/TTLT-BTC-BTC ngày 19 tháng 01 năm 2012 hướng dẫn về mức thu, chế độ thu, nộp, quản lý và sử dụng phí công chứng, như sau:</em></p>\r\n\r\n<p><a name=\"dieu_1\"><strong>Điều 1. Sửa đổi, bổ sung một số điều của Thông tư liên tịch số 08/2012/TTLT-BTC-BTP ngày 19 tháng 01 năm 2012 hướng dẫn về mức thu, chế độ thu, nộp, quản lý và sử dụng phí công chứng</strong></a></p>\r\n\r\n<p><a name=\"khoan_1_1\">1. Sửa đổi, bổ sung</a>&nbsp;<a name=\"dc_226\">Điều 1</a>&nbsp;<a name=\"khoan_1_1_name\">như sau:</a></p>\r\n\r\n<p><strong>“Điều 1. Phạm vi điều chỉnh và đối tượng áp dụng</strong></p>\r\n\r\n<p>1.<strong>&nbsp;</strong>Phạm vi điều chỉnh</p>\r\n\r\n<p>Thông tư này quy định mức thu, chế độ thu, nộp, quản lý và sử dụng phí công chứng được áp dụng đối với việc công chứng các hợp đồng, giao dịch, bản dịch,<strong>&nbsp;</strong>nhận lưu giữ di chúc, cấp bản sao văn bản công chứng, phí chứng thực bản sao từ bản chính, chứng thực chữ ký&nbsp;trong giấy tờ, văn bản&nbsp;theo quy định của Luật công chứng và&nbsp;Nghị định số 29/2015/NĐ-CP ngày 15 tháng 3 năm 2015 của Chính phủ quy định chi tiết và hướng dẫn thi hành một số điều của Luật công chứng.</p>\r\n\r\n<p>2. Thông tư này áp dụng với các đối tượng sau đây:</p>\r\n\r\n<p>a) Đối tượng nộp phí công chứng là cá nhân, tổ chức yêu cầu công chứng hợp đồng, giao dịch, bản dịch, lưu giữ di chúc, cấp bản sao văn bản công chứng.</p>\r\n\r\n<p>b) Đối tượng nộp phí chứng thực là cá nhân, tổ chức yêu cầu chứng thực bản sao từ bản chính, chứng thực chữ ký trong giấy tờ, văn bản.</p>\r\n\r\n<p>c) Đơn vị thu phí công chứng, chứng thực bao gồm Phòng công chứng và Văn phòng công chứng (sau đây gọi là đơn vị thu phí)”.</p>\r\n\r\n<p><a name=\"khoan_2_1\">2. Sửa đổi, bổ sung</a>&nbsp;<a name=\"dc_227\">Khoản 1 Điều 2</a>&nbsp;<a name=\"khoan_2_1_name\">như sau:</a></p>\r\n\r\n<p>“1. Mức thu phí công chứng, chứng thực quy định tại Thông tư này được áp dụng thống nhất đối với Phòng công chứng và Văn phòng công chứng. Trường hợp đơn vị thu phí là Văn phòng công chứng thì mức thu phí quy định tại Thông tư này đã bao gồm thuế giá trị gia tăng theo quy định của Luật thuế giá trị gia tăng và các văn bản hướng dẫn thi hành. Trường hợp cá nhân, tổ chức nước ngoài có nhu cầu nộp phí bằng ngoại tệ thì thu bằng ngoại tệ trên cơ sở quy đổi đồng Việt Nam ra ngoại tệ theo tỷ giá thị trường ngoại tệ liên ngân hàng do Ngân hàng nhà nước Việt Nam công bố tại thời điểm thu phí”.</p>\r\n\r\n<p><a name=\"khoan_3_1\">3. Sửa đổi</a>&nbsp;<a name=\"dc_228\">Mục 4, 7, 8 khoản 3 Điều 2</a>&nbsp;<a name=\"khoan_3_1_name\">như sau:</a></p>\r\n\r\n<table border=\"0\" cellpadding=\"0\" cellspacing=\"0\">\r\n	<tbody>\r\n		<tr>\r\n			<td style=\"vertical-align:top\">\r\n			<p><strong>Số TT</strong></p>\r\n			</td>\r\n			<td style=\"vertical-align:top\">\r\n			<p><strong>Loại việc</strong></p>\r\n			</td>\r\n			<td style=\"vertical-align:top\">\r\n			<p><strong>Mức thu</strong></p>\r\n\r\n			<p><em>(đồng/trường hợp)</em></p>\r\n			</td>\r\n		</tr>\r\n		<tr>\r\n			<td>\r\n			<p>4</p>\r\n			</td>\r\n			<td style=\"vertical-align:top\">\r\n			<p>Công chứng hợp đồng ủy quyền</p>\r\n			</td>\r\n			<td style=\"vertical-align:top\">\r\n			<p>50.000</p>\r\n			</td>\r\n		</tr>\r\n		<tr>\r\n			<td>\r\n			<p>7</p>\r\n			</td>\r\n			<td style=\"vertical-align:top\">\r\n			<p>Công chứng việc hủy bỏ hợp đồng, giao dịch</p>\r\n			</td>\r\n			<td style=\"vertical-align:top\">\r\n			<p>25.000</p>\r\n			</td>\r\n		</tr>\r\n		<tr>\r\n			<td>\r\n			<p>8</p>\r\n			</td>\r\n			<td style=\"vertical-align:top\">\r\n			<p>Công chứng di chúc</p>\r\n			</td>\r\n			<td style=\"vertical-align:top\">\r\n			<p>50.000</p>\r\n			</td>\r\n		</tr>\r\n	</tbody>\r\n</table>\r\n\r\n<p><a name=\"khoan_4_1\">4. Bổ sung khoản 6, 7, 8</a>&nbsp;<a name=\"dc_229\">Điều 2</a>&nbsp;<a name=\"khoan_4_1_name\">như sau:</a></p>\r\n\r\n<p>“6. Phí công chứng bản dịch: 50.000 đồng/trang đối với bản dịch thứ nhất.</p>\r\n\r\n<p>Trường hợp người yêu cầu công chứng cần nhiều bản dịch thì từ bản dịch thứ hai trở lên thu 5.000 đồng/trang đối với trang thứ nhất, trang thứ hai; từ trang thứ ba trở lên thu 3.000 đồng/trang nhưng mức thu tối đa không quá 200.000 đồng/bản.</p>\r\n\r\n<p><a name=\"diem_1\">7. Phí chứng thực bản sao từ bản chính: 2.000 đồng/trang đối với trang thứ nhất, trang thứ hai; từ trang thứ ba trở lên thu 1.000 đồng/trang nhưng mức thu tối đa không quá 200.000 đồng/bản.</a></p>\r\n\r\n<p><a name=\"diem_2\">8. Phí chứng thực chữ ký trong giấy tờ, văn bản: 10.000 đồng/trường hợp (trường hợp được hiểu là một hoặc nhiều chữ ký trong một giấy tờ, văn bản)”.</a></p>\r\n\r\n<p><a name=\"khoan_5_1\">5. Sửa đổi, bổ sung</a>&nbsp;<a name=\"dc_230\">khoản 1 Điều 3</a>&nbsp;<a name=\"khoan_5_1_name\">như sau:</a></p>\r\n\r\n<p>“1. Khi yêu cầu công chứng hợp đồng, giao dịch, bản dịch, lưu giữ di chúc, cấp bản sao văn bản công chứng đã được thực hiện, người yêu cầu công chứng phải nộp phí công chứng.</p>\r\n\r\n<p>Khi yêu cầu chứng thực bản sao từ bản chính, chứng thực chữ ký trong giấy tờ, văn bản, người yêu cầu chứng thực phải nộp phí chứng thực”.</p>\r\n\r\n<p><a name=\"khoan_6_1\">6. Sửa đổi, bổ sung</a>&nbsp;<a name=\"dc_231\">Điều 4</a>&nbsp;<a name=\"khoan_6_1_name\">như sau:</a></p>\r\n\r\n<p>“<strong>Điều 4. Quản lý, sử dụng phí công chứng, chứng thực</strong></p>\r\n\r\n<p>1. Đối với đơn vị thu phí là Phòng công chứng: Phí công chứng, phí chứng thực thu được là khoản thu thuộc ngân sách nhà nước, được quản lý, sử dụng như sau:</p>\r\n\r\n<p>a) Đơn vị thu phí được trích 50% (năm mươi phần trăm) số tiền phí thu được để trang trải chi phí cho việc quản lý và thu phí theo chế độ quy định.</p>\r\n\r\n<p>b) Đơn vị thu phí có trách nhiệm nộp vào ngân sách nhà nước 50% (năm mươi phần trăm) tiền phí thu được theo chương, loại, khoản, mục của mục lục ngân sách nhà nước hiện hành.</p>\r\n\r\n<p>2. Đối với đơn vị thu phí là Văn phòng công chứng: Phí công chứng, phí chứng thực thu được là khoản thu không thuộc ngân sách nhà nước. Tiền phí thu được là doanh thu của đơn vị thu phí. Đơn vị thu phí có quyền quản lý, sử dụng số tiền phí thu được sau khi đã nộp thuế theo quy định của pháp luật. Hàng năm, đơn vị thu phí phải thực hiện quyết toán thuế đối với số tiền phí thu được với cơ quan thuế theo quy định của pháp luật về thuế hiện hành”.</p>\r\n\r\n<p><a name=\"khoan_7_1\">7. Sửa đổi, bổ sung</a>&nbsp;<a name=\"dc_232\">khoản 2 Điều 5</a>&nbsp;<a name=\"khoan_7_1_name\">như sau:</a></p>\r\n\r\n<p>“2. Các nội dung khác liên quan đến việc thu, nộp, quản lý, sử dụng, chứng từ thu, công khai chế độ thu phí không đề cập tại Thông tư này được thực hiện theo hướng dẫn tại Thông tư số 63/2002/TT-BTC ngày 24 tháng 7 năm 2002; Thông tư số 45/2006/TT-BTC ngày 25 tháng 5 năm 2006 sửa đổi, bổ sung Thông tư số 63/2002/TT-BTC ngày 24 tháng 7 năm 2002 của Bộ Tài chính hướng dẫn thực hiện các quy định pháp luật về phí, lệ phí,&nbsp;Thông tư số 156/2013/TT-BTC ngày 06 tháng 11 năm 2013 của Bộ Tài chính hướng dẫn thi hành một số điều của Luật quản lý thuế; Luật sửa đổi, bổ sung một số điều của Luật quản lý thuế và Nghị định số 83/2013/NĐ-CP ngày 22 tháng 7 năm 2013 của Chính phủ,&nbsp;Thông tư số 153/2012/TT-BTC ngày 17 tháng 9 năm 2012 của Bộ Tài chính hướng dẫn việc in, phát hành, quản lý và sử dụng các loại chứng từ thu tiền phí, lệ phí thuộc ngân sách nhà nước, Thông tư số 64/2013/TT-BTC ngày 15 tháng 5 năm 2013 của Bộ Tài chính hướng dẫn thi hành Nghị định số 51/2010/NĐ-CP ngày 14 tháng 5 năm 2010 của Chính phủ quy định về hoá đơn bán hàng hóa, cung ứng dịch vụ và các văn bản sửa đổi, bổ sung (nếu có)”.</p>\r\n\r\n<p><a name=\"dieu_2\"><strong>Điều 2. Tổ chức thực hiện</strong></a></p>\r\n\r\n<p>1. Thông tư liên tịch này có hiệu lực thi hành kể từ ngày 29 tháng 9 năm 2015.</p>\r\n\r\n<p>2. Trong quá trình thực hiện nếu có vướng mắc, đề nghị các cơ quan, tổ chức phản ánh kịp thời về Bộ Tài chính và Bộ Tư pháp để nghiên cứu, hướng dẫn./.</p>\r\n\r\n<p>&nbsp;</p>\r\n\r\n<table border=\"0\" cellpadding=\"0\" cellspacing=\"0\">\r\n	<tbody>\r\n		<tr>\r\n			<td style=\"vertical-align:top\">\r\n			<p><strong>KT. BỘ TRƯỞNG BỘ TƯ PHÁP<br />\r\n			THỨ TRƯỞNG&nbsp;<br />\r\n			<br />\r\n			<br />\r\n			<br />\r\n			<br />\r\n			Nguyễn Khánh Ngọc</strong></p>\r\n			</td>\r\n			<td style=\"vertical-align:top\">\r\n			<p><strong>KT. BỘ TRƯỞNG BỘ TÀI CHÍNH&nbsp;<br />\r\n			THỨ TRƯỞNG&nbsp;<br />\r\n			<br />\r\n			<br />\r\n			<br />\r\n			<br />\r\n			Vũ Thị Mai</strong></p>\r\n			</td>\r\n		</tr>\r\n		<tr>\r\n			<td colspan=\"2\" style=\"vertical-align:top\">\r\n			<p><strong><em>&nbsp;</em></strong></p>\r\n\r\n			<p><strong><em>Nơi nhận:</em></strong><br />\r\n			- Thủ tướng Chính phủ;<br />\r\n			- Các Phó Thủ tướng Chính phủ;<br />\r\n			- Văn phòng Trung ương Đảng;<br />\r\n			- Văn phòng Tổng Bí thư;<br />\r\n			- Văn phòng Quốc hội;<br />\r\n			- Văn phòng Chủ tịch nước;<br />\r\n			- Viện Kiểm sát nhân dân tối cao;<br />\r\n			- Tòa án nhân dân tối cao;<br />\r\n			- Kiểm toán nhà nước;<br />\r\n			-&nbsp;Các Bộ, cơ quan ngang Bộ, cơ quan thuộc Chính phủ;<br />\r\n			- Cơ quan Trung ương của các đoàn thể;<br />\r\n			- Công báo;<br />\r\n			- Cục kiểm tra văn bản QPPL (Bộ Tư pháp);<br />\r\n			- Uỷ ban nhân dân, Sở Tài chính, Sở Tư pháp,<br />\r\n			Cục Thuế các tỉnh, thành phố trực thuộc TƯ;<br />\r\n			- Các đơn vị thuộc Bộ Tài chính;<br />\r\n			- Các đơn vị thuộc Bộ Tư pháp;<br />\r\n			- Website Chính phủ;<br />\r\n			- Website Bộ Tài chính;<br />\r\n			- Website Bộ Tư pháp;<br />\r\n			- Lưu: VT, CST (CST 5).</p>\r\n			</td>\r\n		</tr>\r\n	</tbody>\r\n</table>\r\n', '/phapluat/thong-tu-so-115-2015-ttlt-btc-btp35.6.doc', '2022-06-16', NULL, NULL),
(11, 4, 1, 'THÔNG TƯ Quy định về Giấy chứng nhận quyền sử dụng đất, quyền sở hữu nhà ở và tài sản khác gắn liền với đất', '<table border=\"0\" cellpadding=\"0\" cellspacing=\"0\">\r\n	<tbody>\r\n		<tr>\r\n			<td style=\"vertical-align:top\">\r\n			<p><strong>Ủ</strong><strong>Y BAN</strong><strong>&nbsp;NHÂN DÂN</strong><br />\r\n			<strong>THÀNH PH</strong><strong>Ố</strong><strong>&nbsp;HÀ NỘI</strong><br />\r\n			<strong>-------</strong></p>\r\n			</td>\r\n			<td style=\"vertical-align:top\">\r\n			<p><strong>CỘNG HÒA XÃ HỘI CHỦ NGHĨA VIỆT NAM<br />\r\n			Độc lập - Tự do - Hạnh phúc<br />\r\n			---------------</strong></p>\r\n			</td>\r\n		</tr>\r\n		<tr>\r\n			<td style=\"vertical-align:top\">\r\n			<p>Số:&nbsp;96/2014/QĐ-UBND</p>\r\n			</td>\r\n			<td style=\"vertical-align:top\">\r\n			<p><em>Hà Nội, ngày 29 tháng 12 năm 2014</em></p>\r\n			</td>\r\n		</tr>\r\n	</tbody>\r\n</table>\r\n\r\n<p>&nbsp;</p>\r\n\r\n<p><a name=\"loai_1\"><strong>QUYẾT ĐỊNH</strong></a></p>\r\n\r\n<p><a name=\"loai_1_name\">BAN HÀNH QUY ĐỊNH VỀ GIÁ CÁC LOẠI ĐẤT TRÊN ĐỊA BÀN THÀNH PHỐ HÀ NỘI ÁP DỤNG TỪ NGÀY 01/01/2015 ĐẾN 31/12/2019</a></p>\r\n\r\n<p><strong>ỦY BAN NHÂN DÂN THÀNH PHỐ HÀ NỘI</strong></p>\r\n\r\n<p><em>Căn cứ Luật tổ chức HĐND và UBND ngày 26/11/2003;</em></p>\r\n\r\n<p><em>Căn cứ Luật Ban hành văn bản quy phạm pháp luật của HĐND và UBND ngày 03/12/2004;</em></p>\r\n\r\n<p><em>Căn cứ Luật Thủ đô năm 2012;</em></p>\r\n\r\n<p><em>Căn cứ Luật Đất đai năm 2013;</em></p>\r\n\r\n<p><em>Căn cứ Nghị định số 44/2014/NĐ-CP ngày 15/5/2014 của Chính phủ quy định về giá đất;</em></p>\r\n\r\n<p><em>Căn cứ Nghị định số 104/2014/NĐ-CP ngày 14/11/2014 của Chính phủ quy định khung giá đất;</em></p>\r\n\r\n<p><em>Căn cứ Thông tư số 36/2014/TT-BTNMT ngày 30/6/2014 của Bộ Tài nguyên và Môi trường quy định chi tiết phương pháp giá đất; xây dựng, điều chỉnh bảng giá đất; định giá đất và tư vấn xác định giá đất;</em></p>\r\n\r\n<p><em>Căn cứ Nghị quyết số 14/2014/NQ-HĐND ngày 03/12/2014 của Hội đồng nhân dân thành phố Hà Nội khóa XIV, kỳ họp thứ 11 về giá các loại đất trên địa bàn thành phố Hà Nội áp dụng từ ngày 01/01/2015 đến 31/12/2019;</em></p>\r\n\r\n<p><em>Theo đề nghị của Sở Tài nguyên và Môi trường tại Tờ trình số 6293/TTr-STNMT ngày 03/11/2014 và Báo cáo thẩm định sổ 3406/STP-VBPQ ngày 15/12/2014 của Sở Tư pháp,</em></p>\r\n\r\n<p><strong>QUYẾT ĐỊNH:</strong></p>\r\n\r\n<p><a name=\"dieu_1\"><strong>Điều 1.</strong></a>&nbsp;<a name=\"dieu_1_name\">Ban hành kèm theo Quyết định này bản Quy định về giá các loại đất trên địa bàn thành phố Hà Nội áp dụng từ ngày 01/01/2015 đến 31/12/2019&nbsp;<em>(có Phụ lục và Bảng giá các loại đất kèm theo).</em></a></p>\r\n\r\n<p><a name=\"dieu_2\"><strong>Điều 2.</strong></a>&nbsp;<a name=\"dieu_2_name\">Quyết định này có hiệu lực kể từ ngày 01/01/2015 đến ngày 31/12/2019 và thay thế Quyết định số 63/2013/QĐ-UBND ngày 25/12/2013 quy định về giá các loại đất trên địa bàn Thành phố năm 2014 và Quyết định số 17/2014/QĐ-UBND ngày 31/3/2014 về việc ban hành bảng giá các loại đất trên địa bàn quận Bắc Từ Liêm và quận Nam Từ Liêm, thay thế cho bảng giá đất huyện Từ Liêm ban hành kèm theo Quyết định số 63/2013/QĐ-UBND ngày 25/12/2013 của Ủy ban nhân dân thành phố Hà Nội.</a></p>\r\n\r\n<p><a name=\"dieu_3\"><strong>Điều 3.</strong></a>&nbsp;<a name=\"dieu_3_name\">Chánh Văn phòng Ủy ban nhân dân Thành phố, Giám đốc các Sở, Ban, Ngành, Chủ tịch Ủy ban nhân dân các quận, huyện, thị xã, các tổ chức, hộ gia đình, cá nhân có liên quan chịu trách nhiệm thi hành Quyết định này./.</a></p>\r\n\r\n<p>&nbsp;</p>\r\n\r\n<table border=\"0\" cellpadding=\"0\" cellspacing=\"0\">\r\n	<tbody>\r\n		<tr>\r\n			<td style=\"vertical-align:top\">\r\n			<p>&nbsp;</p>\r\n\r\n			<p><strong><em>Nơi nhận:</em></strong><br />\r\n			- Như Điều 3;<br />\r\n			- Thủ tướng Chính phủ;<br />\r\n			- Đ/c Bí thư Thành ủy;<br />\r\n			- Bộ: TN&amp;MT; TC; XD; Tư pháp;<br />\r\n			- Viện KSND TC; Tòa án NDTC;<br />\r\n			- Thường trực Thành ủy;<br />\r\n			- Thường trực HĐND Thành phố;<br />\r\n			- Đoàn đại biểu Quốc hội TP Hà Nội;<br />\r\n			- Chủ tịch UBND Thành phố;<br />\r\n			- Các PCT UBND Thành phố;<br />\r\n			- Website Chính phủ;<br />\r\n			- Cục Kiểm tra VBQPPL-Bộ TP;<br />\r\n			- VPUBTP: CVP. PCVP; tổ chuyên viên; KT, Nth;<br />\r\n			- Trung tâm tin học và công báo;<br />\r\n			- Lưu, VT(3b), KT(150b).</p>\r\n			</td>\r\n			<td style=\"vertical-align:top\">\r\n			<p><strong>TM. ỦY BAN NHÂN DÂN<br />\r\n			KT. CHỦ TỊCH<br />\r\n			PHÓ CHỦ TỊCH<br />\r\n			<br />\r\n			<br />\r\n			<br />\r\n			<br />\r\n			Vũ Hồng Khanh</strong></p>\r\n			</td>\r\n		</tr>\r\n	</tbody>\r\n</table>\r\n\r\n<p>&nbsp;</p>\r\n\r\n<p><a name=\"loai_2\"><strong>QUY ĐỊNH</strong></a></p>\r\n\r\n<p><a name=\"loai_2\">VỀ GIÁ CÁC LOẠI ĐẤT TRÊN ĐỊA BÀN THÀNH PHỐ HÀ NỘI ÁP DỤNG TỪ NGÀY 01/01/2015 ĐẾN 31/12/2019</a><br />\r\n<em>(Ban hành kèm theo Quyết định số</em><em>&nbsp;96</em><em>/2014/QĐ-UBND ngày</em><em>&nbsp;29</em><em>/</em><em>1</em><em>2/20</em><em>1</em><em>4 của Ủ</em><em>y</em><em>&nbsp;ban nhân dân thành phố Hà Nội)</em></p>\r\n\r\n<p><a name=\"chuong_1\"><strong>Chương I</strong></a></p>\r\n\r\n<p><a name=\"chuong_1_name\"><strong>QUY ĐỊNH CHUNG</strong></a></p>\r\n\r\n<p><a name=\"dieu_1_1\"><strong>Điều 1. Phạm vi áp dụng</strong></a></p>\r\n\r\n<p>1. Giá các loại đất quy định tại Quyết định này được sử dụng làm căn cứ trong các trường hợp sau:</p>\r\n\r\n<p>a) Tính tiền sử dụng đất khi Nhà nước công nhận quyền sử dụng đất ở của hộ gia đình, cá nhân đối với phần diện tích trong hạn mức; cho phép chuyển mục đích sử dụng đất từ đất nông nghiệp, đất phi nông nghiệp không phải là đất ở sang đất ở đối với phần diện tích trong hạn mức giao đất ở cho hộ gia đình, cá nhân;</p>\r\n\r\n<p>b) Tính thuế sử dụng đất;</p>\r\n\r\n<p>c) Tính phí và lệ phí trong quản lý, sử dụng đất;</p>\r\n\r\n<p>d) Tính tiền xử phạt vi phạm hành chính trong lĩnh vực đất đai;</p>\r\n\r\n<p>đ) Tính tiền bồi thường cho Nhà nước khi gây thiệt hại trong quản lý và sử dụng đất đai;</p>\r\n\r\n<p>e) Tính giá trị quyền sử dụng đất để trả cho người tự nguyện trả lại đất cho Nhà nước đối với trường hợp đất trả lại là đất Nhà nước giao đất có thu tiền sử dụng đất, công nhận quyền sử dụng đất có thu tiền sử dụng đất, đất thuê trả tiền thuê đất một lần cho cả thời gian thuê;</p>\r\n\r\n<p>2. Giá các loại đất quy định tại Quyết định này được sử dụng làm cơ sở xác định giá đất trong các trường hợp sau:</p>\r\n\r\n<p>a) Tính tiền sử dụng đất, tiền thuê đất đối với trường hợp được Nhà nước giao đất, cho thuê đất không thông qua hình thức đấu giá quyền sử dụng đất, phần diện tích vượt hạn mức công nhận quyền sử dụng đất của hộ gia đình, cá nhân mà diện tích tính tiền sử dụng đất, tiền thuê đất của thửa đất hoặc khu đất có giá trị (xác định theo giá trong Bảng giá đất) dưới 30 tỷ đồng;</p>\r\n\r\n<p>b) Tính tiền bồi thường, hỗ trợ khi Nhà nước thu hồi đất.</p>\r\n\r\n<p><a name=\"dieu_2_1\"><strong>Điều 2. Nguyên tắc cụ thể khi định giá đất</strong></a></p>\r\n\r\n<p>1. Căn cứ vào khả năng sinh lời, khoảng cách tới đường giao thông, đường phố và điều kiện cơ sở hạ tầng thuận lợi cho sinh hoạt, kinh doanh và cung cấp dịch vụ, các vị trí được xác định theo nguyên tắc: vị trí 1 tiếp giáp trục đường giao thông có tên trong bảng giá có khả năng sinh lợi và điều kiện cơ sở hạ tầng thuận lợi hơn các vị trí tiếp theo, các vị trí 2, 3, 4 theo thứ tự khả năng sinh lợi và điều kiện cơ sở hạ tầng kém thuận lợi hơn.</p>\r\n\r\n<p>2. Nguyên tắc khi xác định giá đất phi nông nghiệp.</p>\r\n\r\n<p>a) Trường hợp thửa đất của một chủ sử dụng ở vị trí 1 có trùng từ 2 mức giá trở lên thì xác định giá theo vị trí có mức giá cao nhất.</p>\r\n\r\n<p>b) Các vị trí trong mỗi đường, phố được xác định như sau:</p>\r\n\r\n<p>- Vị trí 1: áp dụng đối với thửa đất của một chủ sử dụng có ít nhất một mặt giáp với đường, phố được quy định trong các bảng giá kèm theo quyết định này;</p>\r\n\r\n<p>- Vị trí 2: áp dụng đối với thửa đất của một chủ sử dụng có ít nhất một mặt giáp với ngõ, ngách, hẻm (sau đây gọi chung là ngõ) có mặt cắt ngõ nhỏ nhất (tính từ đường, phố tới vị trí thửa đất) từ 3,5 m trở lên.</p>\r\n\r\n<p>- Vị trí 3: áp dụng đối với thửa đất của một chủ sử dụng có ít nhất một mặt giáp với ngõ có mặt cắt ngõ nhỏ nhất (tính từ đường, phố tới vị trí thửa đất) từ 2 m đến dưới 3,5 m.</p>\r\n\r\n<p>- Vị trí 4: áp dụng đối với thửa đất của một chủ sử dụng có ít nhất một mặt giáp với ngõ có mặt cắt ngõ nhỏ nhất (tính từ đường, phố tới vị trí thửa đất) dưới 2 m.</p>\r\n\r\n<p>c) Đối với các thửa đất của một chủ sử dụng tại các vị trí 2, vị trí 3, vị trí 4 có ngõ nối thông với nhiều đường, phố có giá đất khác nhau thì áp dụng theo vị trí của đường, phố gần nhất. Nếu thửa đất có khoảng cách đến các đường, phố bằng nhau thì áp dụng theo đường phố có mức giá cao nhất.</p>\r\n\r\n<p><a name=\"diem_2_2_d\">d) Đối với các thửa đất của chủ sử dụng đất tại vị trí 2, vị trí 3, vị trí 4 của Bảng số 5, 6 và vị trí 2, vị trí 3 của Bảng số 7, 8 thuộc các khu dân cư cũ, không nằm trong khu đô thị mới, khu đấu giá, khu tái định cư, không nằm trong cụm công nghiệp, khu công nghiệp, cách hè đường, phố (theo chiều sâu của ngõ) được xem xét giảm giá như sau</a>:</p>\r\n\r\n<p>- Cách hè đường, phố từ 200 m đến 300 m: giảm 5% so với giá đất quy định;</p>\r\n\r\n<p>- Cách hè đường, phố trên 300 m đến 400 m: giảm 10% so với giá đất quy định;</p>\r\n\r\n<p>- Cách hè đường, phố trên 400 m đến 500 m: giảm 15% so với giá đất quy định;</p>\r\n\r\n<p>- Cách hè đường, phố trên 500 m đến 1000 m: giảm 20% so với giá đất quy định;</p>\r\n\r\n<p>- Cách hè đường, phố trên 1000 m: áp dụng bảng giá đất khu dân cư nông thôn quy định tại Bảng số 9.</p>\r\n\r\n<p><a name=\"diem_2_2_dd\">đ) Đối với thửa đất của một chủ sử dụng có chiều sâu tính từ chỉ giới hè đường, phố có tên trong bảng giá hoặc ngõ được chia các lớp để tính giá như sau</a>:</p>\r\n\r\n<p>- Lớp 1: tính từ chỉ giới hè đường, phố có tên trong bảng giá hoặc ngõ đến 100 m, tính bằng 100% mức giá quy định;</p>\r\n\r\n<p>- Lớp 2: tính từ chỉ giới hè đường, phố có tên trong bảng giá hoặc ngõ từ trên 100 m đến 200 m, giảm 10% so với giá đất của lớp 1;</p>\r\n\r\n<p>- Lớp 3: tính từ chỉ giới hè đường, phố có tên trong bảng giá hoặc ngõ từ trên 200 m đến 300 m giảm 20% so với giá đất của lớp 1;</p>\r\n\r\n<p>- Lớp 4: tính từ chỉ giới hè đường, phố có tên trong bảng giá hoặc ngõ từ trên 300 m giảm 30% so với giá đất của lớp 1.</p>\r\n\r\n<p>Không áp dụng quy định tại Điểm d, đ Khoản 2 điều này trong trường hợp Nhà nước thu hồi đất sử dụng vào mục đích quốc phòng, an ninh, lợi ích quốc gia, lợi ích công cộng theo quy định tại Điều 61, Điều 62 của Luật Đất đai năm 2013; trong trường hợp này, tại Bảng số 5, Bảng số 6 (trừ thị trấn Tây Đằng, Ba Vì) thì giá đất vị trí 4 được xác định theo giá đất vị trí 3.</p>\r\n\r\n<p>e) Trường hợp thửa đất của một chủ sử dụng đất có hình thể đặc thù (hình L, hình ┴) thì phần diện tích tiếp giáp với đường, phố có tên trong bảng giá hoặc ngõ tính từ mặt tiền đến hết chiều sâu của thửa đất được áp dụng giá theo đúng vị trí, mục đích quy định tại các Điều 4, 5, 6, 7, 8 Chương II của quy định này: Phần diện tích còn lại xác định như sau:</p>\r\n\r\n<p>-&nbsp;Nếu thửa đất có mặt tiếp giáp với đường, phố có tên trong bảng giá hoặc ngõ&nbsp;≥&nbsp;3,5m thì phần diện tích còn lại áp dụng hệ số K = 0,9 của giá đất theo quy định.</p>\r\n\r\n<p>-&nbsp;Nếu thửa đất có mặt tiếp giáp với đường, phố có tên trong bảng giá hoặc ngõ kích thước từ 2m đến dưới 3,5m thì phần diện tích còn lại áp dụng hệ số K = 0,8 của giá đất theo quy định.</p>\r\n\r\n<p>-&nbsp;Nếu thửa đất có mặt tiếp giáp với đường, phố có tên trong bảng giá hoặc ngõ kích thước &lt; 2m thì phần diện tích còn lại áp dụng giá đất vị trí thấp hơn liền kề của đường, phố có tên trong bảng giá hoặc ngõ.</p>\r\n\r\n<p>Sau khi xác định, giá đất trung bình của cả thửa đất không được thấp hơn giá đất của vị trí thấp hơn liền kề với đường, phố, ngõ tiếp giáp của thửa đất.</p>\r\n\r\n<p>g)&nbsp;Trường hợp các thửa đất thuộc địa giới hành chính các xã ngoại thành, nằm xen kẽ với các thửa đất tại các trục đường giao thông thuộc địa giới hành&nbsp;chính thị trấn, vùng giáp ranh quận nội thành; hoặc trên cùng một đoạn đường giao thông bên này là địa giới hành chính xã, bên kia là địa giới hành chính thị trấn, vùng giáp ranh quận nội thành thì xác định giá theo vị trí có mức giá cao nhất; nguyên tắc phân loại vị trí, xác định giá đất các trường hợp này tuân thủ các quy định tại Điểm a, b, c, d, đ, e, g trên đây và Điều 5 Chương II của quy định này.</p>\r\n\r\n<p>h)&nbsp;Trường hợp các thửa đất ở khu vực ngã ba, ngã tư giao cắt giữa các đường phố mà có mặt tiếp giáp với hai đường, phố có tên trong Bảng giá thì được tính hệ số bằng 1,20 giá đất của đường, phố có giá đất cao nhất; trường hợp thửa đất ở vị trí giao cắt giữa một đường, phố có tên trong bảng giá với một đường, phố có mặt cắt đường từ 3,50m trở lên (vị trí 2) thì được tính hệ số bằng 1,10 giá đất của đường, phố có tên trong bảng giá, phụ lục bảng giá. Nhưng mức giá sau khi điều chỉnh không quá mức vượt khung giá tối đa theo khung giá đất của Chính phủ quy định.</p>\r\n\r\n<p>i)&nbsp;Giá đất tại các tuyến đường, phố mới mở chưa có tên trong quy định này được xác định theo các nguyên tắc tại Khoản 1, 2 Điều này và tương ứng với mức giá đất của đường, phố tương đương có tên trong khu vực.</p>\r\n\r\n<p>3.&nbsp;Chỉ giới hè đường, phố có tên trong bảng giá hoặc ngõ nêu tại khoản 1, 2 Điều này được áp dụng như sau:</p>\r\n\r\n<p>a)&nbsp;Đối với các trường hợp được Nhà nước giao, cho thuê đất mới thì chỉ giới hè đường, phố tính theo chỉ giới quy hoạch đường, phố được duyệt;</p>\r\n\r\n<p>b)&nbsp;Các trường hợp còn lại, chỉ giới hè đường, phố có tên&nbsp;trong bảng giá hoặc ngõ tính theo chỉ giới hè đường, phố hiện trạng.</p>\r\n\r\n<p><a name=\"chuong_2\"><strong>Chương II</strong></a></p>\r\n\r\n<p><a name=\"chuong_2_name\"><strong>GIÁ CÁC LOẠI ĐẤT</strong></a></p>\r\n\r\n<p><a name=\"dieu_3_1\"><strong>Điều 3. Giá đất nông nghiệp</strong></a></p>\r\n\r\n<p>1.&nbsp;Giá đất nông nghiệp trồng lúa và đất trồng cây hàng năm khác, đất&nbsp;trồng cây lâu năm, đất nuôi trồng thủy sản, đất rừng sản xuất, rừng phòng hộ, rừng đặc dụng tại các xã thuộc các huyện được xác định căn cứ mục đích sử dụng khi giao, cho thuê và được phân theo khu vực, theo vùng (vùng đồng bằng, vùng trung du, vùng núi) quy định tại Bảng 1,&nbsp;Bảng 2, Bảng 3, Bảng 4 và Phụ lục phân loại xã.</p>\r\n\r\n<p><a name=\"khoan_3_2\">2. Giá đất vườn, ao trong cùng thửa đất có nhà ở nhưng không được xác định là đất ở; đất nông nghiệp trong phạm vi khu dân cư thị trấn, khu dân cư nông thôn đã được xác định ranh giới theo quy hoạch được cơ quan Nhà nước có thẩm quyền xét duyệt (trường hợp chưa có quy hoạch được xét duyệt thì xác định theo ranh giới của thửa đất có nhà ở ngoài cùng khu dân cư) được xác định giá cao hơn, nhưng không vượt quá 50% giá đất nông nghiệp tương ứng quy định tại Bảng 1, Bảng 2, Bảng 3, Bảng 4 và Phụ lục phân loại xã</a>.</p>\r\n\r\n<p>3.&nbsp;Giá đất nông nghiệp khác (gồm đất tại các xã ngoại thành sử dụng để xây dựng nhà kính và các loại nhà khác phục vụ mục đích trồng trọt kể cả các hình thức trồng trọt không trực tiếp trên đất; xây dựng chuồng trại chăn nuôi gia súc, gia cầm và các loại động vật khác được pháp luật cho phép; đất trồng trọt, chăn nuôi, nuôi trồng thủy sản cho mục đích học tập, nghiên cứu thí nghiệm; đất ươm tạo cây giống, con giống và đất trồng hoa cây cảnh) được xác định bằng giá đất nông nghiệp trồng cây lâu năm của cùng khu vực, cùng vùng quy định tại Bảng 2 và Phụ lục phân loại xã.</p>\r\n\r\n<p><a name=\"dieu_4\"><strong>Điều 4. Giá đất ở, đất thương mại, dịch vụ và đất sản xuất kinh doanh phi nông nghiệp tại đô thị</strong></a></p>\r\n\r\n<p>1.&nbsp;Tại các quận, các phường của thị xã Sơn Tây; các thị&nbsp;trấn thuộc các huyện, giá đất được xác định theo Điều 2 của quy định này, mức giá cụ thể cho từng đường, phố và từng vị trí quy định tại Bảng 5 (đối với các quận, các phường thuộc thị xã Sơn Tây); Bảng 6 (đối với các thị trấn thuộc các huyện).</p>\r\n\r\n<p>2.&nbsp;Tại các phường Viên Sơn, Trung Hưng, Trung Sơn Trầm thuộc thị xã Sơn Tây, thị trấn Chúc Sơn thuộc huyện Chương Mỹ và thị trấn Tây Đằng thuộc huyện Ba Vì, giá đất được xác định theo quy định tại Điều 5 của Quy định này.</p>\r\n\r\n<p><a name=\"dieu_5\"><strong>Điều 5. Giá đất ở, đất thương mại, dịch vụ và đất sản xuất kinh doanh phi nông nghiệp tại nông thôn</strong></a><em>&nbsp;(gồm khu vực giáp r</em><em>a</em><em>nh đô thị, khu vực ven trục đường giao thông chính và các xã nông thôn)</em></p>\r\n\r\n<p>1.&nbsp;Giá đất ở,&nbsp;đất thương mại, dịch vụ và đất sản xuất kinh doanh phi nông nghiệp thuộc các xã, thị trấn giáp ranh các quận (có chung ranh giới hành chính với quận) được xác định cụ thể cho từng đường, phố quy định tại Bảng 7 và Phụ lục phân loại các xã.</p>\r\n\r\n<p>2.&nbsp;Giá đất ở, đất thương mại, dịch vụ và đất sản xuất kinh doanh phi nông nghiệp tại khu vực ven trục đầu mối giao thông chính có tên trong bảng giá thuộc các huyện; các phường Viên Sơn, phường Trung Hưng, phường Trung Sơn Trầm, thị xã Sơn Tây (quy định tại Bảng 8) và thị trấn Tây Đằng, huyện Ba Vì (quy định tại Bảng 6) được xác định cụ thể cho từng đường, phố.</p>\r\n\r\n<p><a name=\"khoan_5_3\">3. Thửa đất của một chủ sử dụng tại các vị trí 2, 3 quy định tại Bảng 8 và thị trấn Tây Đằng, huyện Ba Vì quy định tại Bảng 6 được xác định tại Điểm d Khoản 2 Điều 2 Quy định này</a>.</p>\r\n\r\n<p><a name=\"khoan_5_4\">4. Thửa đất của một chủ sử dụng tại vị trí 4 quy định tại Bảng số 7 được xác định cụ thể như sau</a>:</p>\r\n\r\n<p>-&nbsp;Trong phạm vi tính từ chỉ giới hè đường, phố có tên trong bảng giá đến 200 m được xác định theo vị trí 4;</p>\r\n\r\n<p>-&nbsp;Ngoài 200 m tính từ chỉ giới hè đường, phố có tên trong bảng giá xác&nbsp;định giá theo quy định cụ thể tại Bảng 7.</p>\r\n\r\n<p><a name=\"khoan_5_5\">5. Thửa đất của chủ sử dụng tại vị trí 4 quy định tại Bảng số 8; các phường Viên Sơn, phường Trung Hưng, phường Trung Sơn Trầm, thị xã Sơn Tây quy định tại Bảng 5 và thị trấn Tây Đằng thuộc huyện Ba Vì quy định tại Bảng 6 được xác định cụ thể như sau</a>:</p>\r\n\r\n<p>-&nbsp;Trong phạm vi tính từ chỉ giới hè đường, phố có tên trong bảng giá đến 200 m được xác định theo vị trí 4;</p>\r\n\r\n<p>-&nbsp;Ngoài 200 m tính từ chỉ giới hè đường, phố có tên trong bảng giá xác định giá theo quy định cụ thể tại Bảng 9.</p>\r\n\r\n<p><a name=\"khoan_5_6\">6. Các trường hợp được Nhà nước giao đất, cho thuê đất tại các khu dân cư nông thôn để thực hiện dự án sản xuất kinh doanh, cụm công nghiệp, khu công nghiệp, khu đô thị mới, khu đấu giá, khu tái định cư thì căn cứ vào đường hiện trạng để áp dụng giá đất theo 4 vị trí của đường, phố gần nhất có tên trong bảng giá và không được áp dụng giá đất ngoài 200 m của Bảng 7, giá đất khu dân cư nông thôn quy định tại Bảng số 9</a>.</p>\r\n\r\n<p><a name=\"dieu_6\"><strong>Điều 6. Giá đất tại các khu đô thị mới, khu đấu giá, khu tái định cư, khu công nghệ cao (đã xây dựng đường giao thông)</strong></a></p>\r\n\r\n<p>1.&nbsp;Trường hợp đường, phố trong khu đô thị mới, khu đấu giá, khu tái định&nbsp;cư, khu công nghệ cao đã đặt tên và đã được xác định trong bảng giá thì xác định giá theo đường phố đó; trường hợp đường, phố trong khu đô thị mới, khu đấu giá, khu tái định cư, khu công nghệ cao chưa đặt tên hoặc đã được đặt tên nhưng chưa được xác định trong bảng giá thì xác định theo phụ lục Bảng giá đất các khu đô thị mới, khu đấu giá, khu tái định cư, khu công nghệ cao ban hành kèm theo Quyết định này.</p>\r\n\r\n<p>2.&nbsp;Trường hợp thửa đất không nằm trong ranh giới khu đô thị mới, khu&nbsp;đấu giá, khu tái định cư nhưng ở vị trí tiếp giáp hoặc có đường, ngõ nối thông gần hơn với đường, phố của khu đô thị mới, khu đấu giá, khu tái định cư thì được xác định theo giá đất của đường, phố trong khu đô thị mới, khu đấu giá, khu tái định cư; trường hợp thửa đất đó nằm ở&nbsp;vị&nbsp;trí 2, 3, 4 thì xác định theo đường, phố trong khu vực có mức giá tương đương có quy định giá đất các vị trí.</p>\r\n\r\n<p><a name=\"dieu_7\"><strong>Điều 7. Giá đất phi nông nghiệp khác</strong></a></p>\r\n\r\n<p>1.&nbsp;Giá đất xây dựng&nbsp;trụ sở cơ quan Nhà nước; đất xây dựng công trình sự nghiệp; đất sử dụng vào mục đích quốc phòng, an ninh; đất cơ sở tôn giáo, tín ngưỡng, được xác định bằng giá đất ở có cùng vị trí, đường, phố, khu dân cư nông thôn.</p>\r\n\r\n<p>2.&nbsp;Giá đất phi nông nghiệp khác (gồm đất làm nhà nghỉ, lán, trại cho người lao động trong cơ sở sản xuất; đất xây dựng nhà bảo tàng, nhà bảo tồn, nhà trưng bầy tác phẩm nghệ thuật, cơ sở sáng tác văn hóa&nbsp;nghệ thuật), được xác định bằng giá đất thương mại, dịch vụ có cùng vị trí, đường, phố, khu dân cư&nbsp;nông thôn.</p>\r\n\r\n<p>3.&nbsp;Giá đất sử dụng vào mục đích công cộng (gồm đất giao thông; thủy&nbsp;lợi; đất có di tích lịch sử - văn hóa, danh lam thắng cảnh; đất sinh hoạt cộng đồng, khu vui chơi, giải trí công cộng; đất công trình năng lượng; đất công trình bưu chính, viễn thông; đất chợ; đất bãi thải, xử lý chất thải và đất công trình công cộng khác) và các loại đất phi nông nghiệp khác (gồm: đất xây dựng nhà kho và nhà để chứa nông sản, thuốc bảo vệ thực vật, phân bón, máy móc, công cụ phục vụ sản xuất nông nghiệp và đất xây dựng công trình khác của người sử dụng đất không nhằm mục đích kinh doanh mà công trình đó không gắn liền với đất ở) được xác định bằng giá đất sản xuất kinh doanh phi nông nghiệp có cùng vị trí, đường, phố, khu dân cư nông thôn.</p>\r\n\r\n<p>4.&nbsp;Giá đất làm nghĩa trang, nghĩa địa: thực hiện theo quy định của Luật Đất đai 2013. Ủy&nbsp;ban nhân dân Thành phố sẽ xác định giá đất cụ thể cho từng trường hợp.</p>\r\n\r\n<p>5.&nbsp;Giá đất sông, ngòi, kênh, rạch, suối và mặt nước chuyên dùng sử dụng vào mục đích nuôi trồng thủy sản được xác định bằng giá đất nuôi trồng thủy sản của cùng khu vực, cùng vùng; sử dụng vào mục đích phi nông nghiệp hoặc sử dụng vào mục đích phi nông nghiệp kết hợp với nuôi trồng khai thác thủy sản được xác định bằng giá đất phi nông nghiệp có cùng mục đích sử dụng, vị trí, đường, phố, loại xã.</p>\r\n\r\n<p><a name=\"dieu_8\"><strong>Điều 8. Giá đất chưa sử dụng</strong></a></p>\r\n\r\n<p>Đất chưa sử dụng là đất chưa xác định mục đích sử dụng, khi cần có giá để tính tiền bồi thường đối với người có hành vi vi phạm pháp luật đối với loại đất này thì căn cứ vào giá của loại đất liền kề có mức giá cao nhất (trường hợp liền kề với hai loại đất&nbsp;khác nhau trở lên) để xác định giá đất. Khi đất chưa sử dụng được cơ quan có thẩm quyền cho phép đưa vào sử dụng thì căn cứ vào giá đất cùng loại, cùng mục đích sử dụng được quy định tại bản quy định này để định mức giá cụ thể.</p>\r\n\r\n<p><a name=\"chuong_3\"><strong>Chương III</strong></a></p>\r\n\r\n<p><a name=\"chuong_3_name\"><strong>TỔ CHỨC THỰC HIỆN</strong></a></p>\r\n\r\n<p><a name=\"dieu_9\"><strong>Điều 9. Tổ chức thực hiện</strong></a></p>\r\n\r\n<p>Đối với những khu vực chưa được xác định trong Bảng giá, Phụ lục ban hành kèm theo quy định này hoặc các trường hợp mới phát sinh do xây dựng đường, phố, khu đô thị mới, khu đấu giá, khu tái định cư, khu công nghệ cao giao Sở Tài nguyên và Môi trường chủ trì cùng các sở, ngành và Ủy ban nhân dân các quận, huyện, thị xã lập phương án giá, báo cáo Ủy ban nhân dân Thành phố quyết định.</p>\r\n\r\n<p>Sở Tài nguyên và Môi trường có&nbsp;trách nhiệm định kỳ tổ chức cập nhật biến động giá đất trên địa bàn để làm căn cứ lập phương án trình Ủy ban nhân dân Thành phố ban hành bảng giá đất định kỳ 05 năm một lần và công bố vào&nbsp;ngày 01 tháng 01 của năm đầu kỳ; hàng năm tổng hợp tình hình, điều chỉnh giá đất theo quy định trình Ủy ban nhân dân Thành phố xin ý kiến Thường trực Hội đồng nhân dân Thành phố trước khi điều chỉnh bảng giá đất.</p>\r\n\r\n<p>Chủ tịch Ủy ban nhân dân các quận, huyện, thị xã có trách nhiệm chỉ đạo các Phòng Tài nguyên và Môi trường theo dõi, cập nhật biến động giá đất trên địa bàn, kịp thời báo cáo Sở Tài nguyên và Môi trường để tổng hợp.</p>\r\n\r\n<p><a name=\"dieu_10\"><strong>Điều 10. Sửa đổi, bổ sung</strong></a></p>\r\n\r\n<p>Trong quá trình tổ chức thực hiện nếu phát sinh vướng mắc, Sở Tài nguyên và Môi trường có trách nhiệm tổng hợp trình Ủy ban nhân dân Thành phố xem xét quyết định./.</p>\r\n\r\n<p>&nbsp;</p>\r\n\r\n<p>&nbsp;</p>\r\n', '/phapluat/thong-tu-so-23-2014-btnmt19.doc', '2022-06-16', NULL, NULL),
(12, 13, 1, 'THÔNG TƯ Quy định chi tiết và hướng dẫn thi hành một số điều của Luật công chứng', '<table border=\"0\" cellpadding=\"0\" cellspacing=\"0\">\r\n	<tbody>\r\n		<tr>\r\n			<td style=\"vertical-align:top\">\r\n			<p><strong>BỘ TƯ PHÁP<br />\r\n			-------</strong></p>\r\n			</td>\r\n			<td style=\"vertical-align:top\">\r\n			<p><strong>CỘNG HÒA XÃ HỘI CHỦ NGHĨA VIỆT NAM<br />\r\n			Độc lập - Tự do - Hạnh phúc<br />\r\n			---------------</strong></p>\r\n			</td>\r\n		</tr>\r\n		<tr>\r\n			<td style=\"vertical-align:top\">\r\n			<p>Số: 01/2021/TT-BTP</p>\r\n			</td>\r\n			<td style=\"vertical-align:top\">\r\n			<p><em>Hà Nội, ngày 03 tháng 02 năm 2021</em></p>\r\n			</td>\r\n		</tr>\r\n	</tbody>\r\n</table>\r\n\r\n<p>&nbsp;</p>\r\n\r\n<p><a name=\"loai_1\"><strong>THÔNG TƯ</strong></a></p>\r\n\r\n<p><a name=\"loai_1_name\">QUY ĐỊNH CHI TIẾT MỘT SỐ ĐIỀU VÀ BIỆN PHÁP THI HÀNH LUẬT CÔNG CHỨNG</a></p>\r\n\r\n<p><em>C</em><em>ă</em><em>n cứ Luật Công ch</em><em>ứ</em><em>ng ngà</em><em>y</em><em>&nbsp;20 tháng 6 năm 2014;</em></p>\r\n\r\n<p><em>Căn cứ Nghị định s</em><em>ố</em><em>&nbsp;<a href=\"https://thuvienphapluat.vn/van-ban/dich-vu-phap-ly/nghi-dinh-29-2015-nd-cp-huong-dan-luat-cong-chung-268406.aspx\" target=\"_blank\">29/2015/NĐ-CP</a>&nbsp;ngà</em><em>y&nbsp;</em><em>15 tháng 3 năm 2015 của Chính phủ quy định chi tiết và hướng d</em><em>ẫ</em><em>n thi hành một s</em><em>ố&nbsp;</em><em>điều của Luật Công chứng;</em></p>\r\n\r\n<p><em>Căn cứ Nghị định s</em><em>ố</em><em>&nbsp;<a href=\"https://thuvienphapluat.vn/van-ban/bo-may-hanh-chinh/nghi-dinh-96-2017-nd-cp-quy-dinh-chuc-nang-nhiem-vu-quyen-han-co-cau-to-chuc-cua-bo-tu-phap-326676.aspx\" target=\"_blank\">96/2017/NĐ-CP</a>&nbsp;ngày 16 tháng 8 năm 2017 của Chính ph</em><em>ủ&nbsp;</em><em>quy định chức năng, nhiệm vụ, quyền hạn và cơ cấu tổ chức của Bộ Tư pháp;</em></p>\r\n\r\n<p><em>Theo đề nghị của Cục trưởng Cục Bổ trợ tư pháp,</em></p>\r\n\r\n<p><em>Bộ trưởng Bộ Tư pháp han hành Thông tư quy định chi tiết một số điều và biện pháp thi hành Luật Công chứng.</em></p>\r\n\r\n<p><a name=\"chuong_1\"><strong>Chương I</strong></a></p>\r\n\r\n<p><a name=\"chuong_1_name\"><strong>NHỮNG QUY ĐỊNH CHUNG</strong></a></p>\r\n\r\n<p><a name=\"dieu_1\"><strong>Điều 1. Phạm vi điều chỉnh</strong></a></p>\r\n\r\n<p>Thông tư này quy định về bổ nhiệm công chứng viên, đăng ký&nbsp;hành nghề công chứng; đào tạo nghề công chứng; khóa&nbsp;bồi dưỡng&nbsp;nghề&nbsp;công chứng; bồi dưỡng nghiệp vụ công chứng hàng năm; tổ chức và hoạt động công chứng; một số biểu mẫu trong hoạt động công chứng.</p>\r\n\r\n<p><a name=\"dieu_2\"><strong>Điều 2. Đối tượng áp dụng</strong></a></p>\r\n\r\n<p>Thông tư này áp dụng đối với công chứng viên, tổ chức hành nghề công chứng, tổ chức xã hội - nghề nghiệp của công chứng viên, cơ quan quản lý nhà nước về công chứng và cá nhân, cơ quan, tổ chức có liên quan.</p>\r\n\r\n<p><a name=\"chuong_2\"><strong>Chương II</strong></a></p>\r\n\r\n<p><a name=\"chuong_2_name\"><strong>BỔ NHIỆM CÔNG CHỨNG VIÊN, ĐĂNG KÝ HÀNH NGHỀ CÔNG CHỨNG</strong></a></p>\r\n\r\n<p><a name=\"dieu_3\"><strong>Điều 3. Bổ nhiệm công chứng viên</strong></a></p>\r\n\r\n<p>1. Người đề nghị bổ nhiệm công chứng viên theo quy định tại&nbsp;<a name=\"dc_1\">khoản 1 Điều 12 của Luật Công chứng</a>&nbsp;nộp trực tiếp hoặc gửi qua hệ thống bưu chính 01 bộ hồ sơ đến Sở Tư pháp nơi đăng ký tập sự hành nghề công chứng.</p>\r\n\r\n<p>2. Giấy tờ chứng minh người được miễn đào tạo nghề công chứng theo quy định tại&nbsp;<a name=\"dc_2\">khoản 1 Điều 10 của Luật Công chứng</a>&nbsp;là một trong các giấy tờ sau đây:</p>\r\n\r\n<p>a) Quyết định bổ nhiệm hoặc bổ nhiệm lại thẩm phán, kiểm sát viên, điều tra viên hoặc Giấy chứng minh thẩm phán, Giấy chứng minh kiểm sát viên, Giấy chứng nhận điều tra viên kèm theo giấy tờ chứng minh đã có thời gian làm thẩm phán, kiểm sát viên, điều tra viên từ 05 năm trở lên;</p>\r\n\r\n<p>b) Quyết định bổ nhiệm chức danh Giáo sư, Phó Giáo sư chuyên ngành luật, Bằng tiến sĩ luật; trường hợp Bằng tiến sĩ luật được cấp bởi cơ sở giáo dục nước ngoài thì phải được công nhận văn bằng theo quy định của Bộ Giáo dục và Đào tạo;</p>\r\n\r\n<p>c) Quyết định bổ nhiệm thẩm tra viên cao cấp ngành&nbsp;tòa&nbsp;án, kiểm&nbsp;tra viên cao cấp ngành kiểm sát; chuyên viên cao cấp, nghiên cứu&nbsp;viên cao&nbsp;cấp, giảng viên cao cấp trong lĩnh vực pháp luật;</p>\r\n\r\n<p>d) Chứng chỉ hành nghề luật sư và Thẻ luật sư kèm theo giấy tờ chứng minh thời gian hành nghề luật sư từ 05 năm trở lên;</p>\r\n\r\n<p>đ) Các giấy tờ khác chứng minh là người được miễn đào tạo nghề công chứng theo quy định của pháp luật.</p>\r\n\r\n<p>Các giấy tờ quy định tại khoản này là bản sao có chứng thực hoặc bản chụp kèm theo bản chính để đối chiếu.</p>\r\n\r\n<p>3. Giấy tờ chứng minh thời gian công tác pháp luật theo quy định tại&nbsp;<a name=\"dc_3\">khoản 2 Điều 8 của Luật Công chứng</a>&nbsp;là một hoặc một số giấy tờ sau đây:</p>\r\n\r\n<p>a) Giấy tờ quy định tại điểm a, b và c khoản 2 Điều này;</p>\r\n\r\n<p>b) Quyết định tuyển dụng, quyết định luân chuyển, điều động, hợp đồng làm việc hoặc hợp đồng lao động kèm theo giấy tờ chứng minh thời gian đóng bảo hiểm xã hội phù hợp với vị trí công tác pháp luật được tuyển dụng hoặc ký hợp đồng;</p>\r\n\r\n<p>c) Chứng chỉ hành nghề luật sư, Thẻ luật sư, Chứng chỉ hành nghề đấu giá, Chứng chỉ hành nghề quản tài viên, quyết định bổ nhiệm Thừa phát lại kèm theo giấy tờ chứng minh thời gian đóng bảo hiểm xã hội phù hợp với các chức danh này;</p>\r\n\r\n<p>d) Các giấy tờ hợp pháp khác chứng minh thời gian công tác pháp luật.</p>\r\n\r\n<p>4. Người đề nghị bổ&nbsp;nhiệm công chứng viên chịu trách nhiệm về tính chính xác, xác thực, hợp pháp của các giấy tờ và thông tin đã khai trong hồ sơ đề nghị bổ nhiệm công chứng viên. Trong trường hợp cần thiết, Sở Tư pháp, Bộ Tư pháp tiến hành xác minh tính chính xác, xác thực, hợp pháp của giấy tờ và thông tin trong hồ sơ.</p>\r\n\r\n<p><a name=\"dieu_4\"><strong>Điều 4. Đăng ký hành nghề công chứng và cấp Thẻ công chứng viên</strong></a></p>\r\n\r\n<p>1. Tổ chức hành nghề công chứng nộp trực tiếp hoặc gửi qua hệ thống bưu chính 01 bộ hồ sơ đăng ký hành nghề và cấp Thẻ cho công chứng viên của tổ chức mình đến Sở Tư pháp nơi đăng ký hoạt động. Hồ sơ bao gồm các giấy tờ sau đây:</p>\r\n\r\n<p>a) Giấy đề nghị đăng ký hành nghề và cấp Thẻ công chứng viên (<a name=\"bieumau_bm_tp_cc_06\">Mẫu TP-CC-06</a>);</p>\r\n\r\n<p>b) Quyết định bổ nhiệm hoặc bổ nhiệm lại công chứng viên (bản sao có chứng thực hoặc bản chụp kèm theo bản chính để&nbsp;đối chiếu);</p>\r\n\r\n<p>c) 01 ảnh chân dung cỡ 2cm&nbsp;x&nbsp;3cm của công chứng viên được đề nghị đăng ký hành nghề và cấp Thẻ (ảnh chụp không quá 06 tháng trước ngày nộp hồ sơ);</p>\r\n\r\n<p>d) Giấy tờ chứng minh công chứng viên là hội viên Hội công chứng viên tại địa phương (trường hợp địa phương chưa có Hội công chứng viên thì nộp giấy tờ chứng minh là hội viên Hiệp hội công chứng viên Việt Nam);</p>\r\n\r\n<p>đ) Giấy tờ chứng minh nơi cư trú của công&nbsp;chứng viên&nbsp;tại tỉnh, thành phố trực thuộc Trung ương nơi tổ chức hành nghề công chứng&nbsp;đăng&nbsp;ký hoạt động;</p>\r\n\r\n<p>e) Quyết định thu hồi Chứng chỉ hành nghề luật sư, Chứng chỉ hành nghề đấu giá, quyết định miễn nhiệm Thừa phát lại, giấy tờ chứng minh đã chấm dứt công việc thường xuyên khác; giấy tờ chứng minh đã được Sở Tư pháp xóa đăng ký&nbsp;hành nghề ở tổ chức hành nghề công chứng trước đó hoặc văn bản cam kết chưa đăng ký hành nghề công chứng kể từ khi được bổ&nbsp;nhiệm, bổ&nbsp;nhiệm lại công chứng viên.</p>\r\n\r\n<p>Trong thời hạn 07 ngày làm việc, kể&nbsp;từ ngày nhận đủ hồ sơ hợp lệ, Sở Tư pháp ra quyết định đăng ký hành nghề và cấp Thẻ&nbsp;công chứng viên; trường hợp từ chối phải thông báo bằng văn bản có nêu rõ lý do. Trong thời hạn 03 ngày làm việc, kể từ ngày ra quyết định, Sở Tư pháp gửi quyết định cho người được đăng ký&nbsp;hành nghề và tổ chức hành nghề công chứng đã nộp hồ sơ đề nghị đăng ký hành nghề, đồng thời đăng tải trên phần mềm quản lý công chứng của Bộ Tư pháp và Cổng thông tin điện tử Sở Tư pháp thông tin về họ, tên của công chứng viên, số&nbsp;và ngày cấp Thẻ công chứng viên, tên tổ&nbsp;chức hành nghề công chứng nơi công chứng viên hành nghề.</p>\r\n\r\n<p>Phôi Thẻ công chứng viên do Bộ Tư pháp phát hành.</p>\r\n\r\n<p>2. Công chứng viên chỉ được ký&nbsp;văn bản công chứng sau khi được Sở Tư pháp đăng ký hành nghề và cấp Thẻ công chứng viên.</p>\r\n\r\n<p>Sau khi được đăng ký hành nghề và cấp Thẻ công chứng viên, công chứng viên không được làm việc theo hợp đồng làm việc hoặc hợp đồng lao động tại các doanh nghiệp, cơ quan, tổ chức khác; không được giữ chức danh lãnh đạo các tổ chức chính trị - xã hội, tổ chức chính trị - xã hội - nghề nghiệp hoặc tham gia các công việc mà thường xuyên phải làm việc trong giờ hành chính.</p>\r\n\r\n<p><a name=\"dieu_5\"><strong>Điều 5. Xóa đăng ký hành nghề và thu hồi Thẻ công chứng viên</strong></a></p>\r\n\r\n<p>1. Trong thời hạn 07 ngày làm việc, kể từ ngày quyết định miễn nhiệm công chứng viên có hiệu lực hoặc trong thời hạn 05 ngày làm việc, kể&nbsp;từ ngày nhận được thông báo của tổ chức hành nghề công chứng về việc công chứng viên không còn hành nghề tại tổ chức đó, Sở Tư pháp nơi công chứng viên đăng ký hành nghề ra quyết định xóa đăng ký hành nghề và thu hồi Thẻ công chứng viên; trường hợp từ chối phải thông báo bằng văn bản có nêu rõ lý do.</p>\r\n\r\n<p>Trong thời hạn 03 ngày làm việc, kể&nbsp;từ ngày ra quyết định xóa đăng ký hành nghề, Sở Tư pháp gửi quyết định cho người bị xóa đăng&nbsp;ký&nbsp;hành nghề, tổ chức hành nghề công chứng nơi người đó hành nghề, đồng thời&nbsp;đăng&nbsp;tải trên phần mềm quản lý công chứng của Bộ Tư pháp và&nbsp;Cổng thông tin điện tử&nbsp;Sở Tư pháp; thông tin được đăng tải gồm họ, tên của công chứng viên, tên tổ chức hành nghề công chứng, thời điểm công chứng viên bị xóa đăng ký hành nghề và thu hồi Thẻ công chứng viên.</p>\r\n\r\n<p>2. Khi thực hiện thủ tục chấm dứt hoạt động theo quy định tại&nbsp;<a name=\"dc_4\">điểm a và c khoản 1 Điều 31 của Luật Công chứng</a>, Văn phòng công chứng đề nghị Sở Tư pháp xóa đăng ký hành nghề và thu hồi Thẻ cho công chứng viên hành nghề tại Văn phòng của mình.</p>\r\n\r\n<p>Văn phòng công chứng chấm dứt hoạt động theo quy định tại&nbsp;<a name=\"dc_5\">điểm b khoản 1 Điều 31 của Luật Công chứng</a>&nbsp;thì trong thời hạn 05 ngày làm việc, kể&nbsp;từ ngày quyết định thu hồi quyết định cho phép thành lập Văn phòng công chứng có hiệu lực, Sở&nbsp;Tư pháp ra quyết định xóa đăng ký hành nghề và thu hồi Thẻ công chứng viên.</p>\r\n\r\n<p>Phòng công chứng được chuyển đổi, giải thể theo quy định tại&nbsp;<a name=\"dc_6\">Điều 21 của Luật Công chứng</a>&nbsp;thì trong thời hạn 03 ngày làm việc, kể từ ngày quyết định chuyển đổi, giải thể Phòng công chứng có hiệu lực, Sở Tư pháp ra quyết định xóa đăng ký hành nghề và thu hồi Thẻ công chứng viên.</p>\r\n\r\n<p>Việc gửi quyết định và đăng tải thông tin về xóa đăng ký hành nghề và thu hồi Thẻ công chứng viên được thực hiện theo quy định tại khoản 1 Điều này.</p>\r\n\r\n<p>3. Thẻ công chứng viên không còn giá trị sử dụng kể từ ngày quyết định xóa đăng ký hành nghề và thu hồi Thẻ&nbsp;công chứng viên có hiệu lực. Người bị xóa đăng ký hành nghề công chứng có trách nhiệm nộp Thẻ công chứng viên cho Sở Tư pháp đã ra quyết định xóa đăng ký hành nghề và thu hồi Thẻ; Sở Tư pháp thu lại Thẻ công chứng viên và thực hiện tiêu hủy Thẻ theo quy định.</p>\r\n', '/phapluat/thong-tu-so-06-2015-t-btp77.2.doc', '2022-06-16', NULL, NULL);
INSERT INTO `phapluat` (`ID_PL`, `ID_CHUYENMUC_PL`, `ID_ADMIN`, `TIEUDE_PL`, `NOIDUNG_PL`, `FILE_PL`, `NGAYDANG_PL`, `created_at`, `updated_at`) VALUES
(13, 1, 1, 'THÔNG TƯ LIÊN TỊCH Hướng dẫn một số vấn đề về xử lý tài sản bảo đảm ', '<table border=\"0\" cellpadding=\"0\" cellspacing=\"0\">\r\n	<tbody>\r\n		<tr>\r\n			<td style=\"vertical-align:top\">\r\n			<p><strong>BỘ TƯ PHÁP - BỘ TÀI NGUYÊN VÀ MÔI TRƯỜNG - NGÂN HÀNG NHÀ NƯỚC VIỆT NAM<br />\r\n			--------</strong></p>\r\n			</td>\r\n			<td style=\"vertical-align:top\">\r\n			<p><strong>CỘNG HÒA XÃ HỘI CHỦ NGHĨA VIỆT NAM<br />\r\n			Độc lập - Tự do - Hạnh phúc<br />\r\n			----------------</strong></p>\r\n			</td>\r\n		</tr>\r\n		<tr>\r\n			<td style=\"vertical-align:top\">\r\n			<p>Số: 16/2014/TTLT-BTP-BTNMT-NHNN</p>\r\n			</td>\r\n			<td style=\"vertical-align:top\">\r\n			<p><em>Hà Nội, ngày 06 tháng 06 năm 2014</em></p>\r\n			</td>\r\n		</tr>\r\n	</tbody>\r\n</table>\r\n\r\n<p>&nbsp;</p>\r\n\r\n<p><a name=\"loai_1\"><strong>THÔNG TƯ LIÊN TỊCH</strong></a></p>\r\n\r\n<p><a name=\"loai_1_name\">HƯỚNG DẪN MỘT SỐ VẤN ĐỀ VỀ XỬ LÝ TÀI SẢN BẢO ĐẢM</a></p>\r\n\r\n<p><em>Căn cứ Bộ luật Dân sự ngày 14 tháng 6 năm 2005;</em></p>\r\n\r\n<p><em>Căn cứ Nghị định số 163/2006/NĐ-CP ngày 29&nbsp;tháng&nbsp;12 năm 2006 của&nbsp;Chính phủ&nbsp;về giao dịch bảo đảm;</em></p>\r\n\r\n<p><em>Căn cứ&nbsp;Nghị định số&nbsp;11/2012/NĐ-CP ngày 22&nbsp;tháng&nbsp;02 năm 2012 của&nbsp;Chính phủ&nbsp;về sửa đổi, bổ sung một số điều của Nghị định số 163/2006/NĐ-CP ngày 29 tháng 12 năm 2006 của Chính phủ về giao dịch bảo đảm;</em></p>\r\n\r\n<p><em>Căn cứ&nbsp;Nghị định số&nbsp;53/2013/NĐ-CP ngày 18 tháng 5 năm 2013 của Chính phủ về thành lập, tổ chức và hoạt động của Công ty Quản lý tài sản của các&nbsp;tổ chức&nbsp;tín dụng Việt Nam;</em></p>\r\n\r\n<p><em>Căn cứ&nbsp;Nghị định số&nbsp;22/2013/NĐ-CP ngày 13 tháng 3 năm 2013 của Chính phủ quy định chức năng, nhiệm vụ, quyền hạn và cơ cấu&nbsp;tổ chức&nbsp;của Bộ Tư pháp;</em></p>\r\n\r\n<p><em>Căn cứ&nbsp;Nghị định số&nbsp;21/2013/NĐ-CP ngày 04&nbsp;tháng&nbsp;3 năm 2013 của&nbsp;Chính phủ&nbsp;quy định chức năng, nhiệm vụ, quyền hạn và&nbsp;cơ cấu&nbsp;tổ chức của Bộ Tài nguyên và Môi trường;</em></p>\r\n\r\n<p><em>Căn cứ&nbsp;Nghị định số&nbsp;156/2013/NĐ-CP ngày 11 tháng 11 năm 2013 của&nbsp;Chính phủ&nbsp;về việc quy định chức năng, nhiệm vụ, quyền hạn và cơ cấu&nbsp;tổ chức&nbsp;của Ngân hàng Nhà nước Việt Nam;</em></p>\r\n\r\n<p><em>Bộ trưởng Bộ Tư pháp, Bộ trưởng Bộ Tài nguyên và Môi trường, Thống đốc Ngân hàng Nhà nước Việt Nam ban hành Thông tư liên tịch hướng dẫn một số vấn đề về xử lý tài sản bảo đảm.</em></p>\r\n\r\n<p><a name=\"chuong_1_name\"><strong>NHỮNG QUY ĐỊNH CHUNG</strong></a></p>\r\n\r\n<p><a name=\"dieu_1\"><strong>Điều 1. Phạm vi điều chỉnh</strong></a></p>\r\n\r\n<p>1. Thông tư này hướng dẫn việc thu giữ, bán tài sản bảo đảm, nhận chính tài sản bảo đảm để thay thế cho việc thực hiện nghĩa vụ của bên bảo đảm và thủ tục chuyển quyền sở hữu, quyền sử dụng tài sản sau khi xử lý tài sản bảo đảm.</p>\r\n\r\n<p>2. Thông tư này không áp dụng đối với trường hợp xử lý tài sản bảo đảm trong hoạt động thi hành án dân sự.</p>\r\n\r\n<p><a name=\"dieu_2\"><strong>Điều 2. Đối tượng áp dụng</strong></a></p>\r\n\r\n<p>1. Bên bảo đảm, bên nhận bảo đảm trong hợp đồng bảo đảm.</p>\r\n\r\n<p>2. Công ty Quản lý tài sản của các tổ chức tín dụng Việt Nam được thành lập và hoạt động theo quy định của pháp luật Việt Nam.</p>\r\n\r\n<p>3. Cơ quan có thẩm quyền đăng ký quyền sở hữu, quyền sử dụng, quyền lưu hành tài sản.</p>\r\n\r\n<p>4. Ủy ban&nbsp;nhân dân xã, phường, thị trấn nơi tiến hành thu giữ tài sản bảo đảm (sau đây gọi là&nbsp;Ủy ban&nbsp;nhân dân cấp xã).</p>\r\n\r\n<p>5. Tổ chức làm nhiệm vụ bồi thường theo quy định của pháp luật trong trường hợp Nhà nước thu hồi đất, tài sản gắn liền với đất.</p>\r\n\r\n<p>6. Tổ chức hành nghề công chứng, tổ chức có chức năng bán đấu giá tài sản, bên cầm giữ tài sản, bên mua tài sản bảo đảm, bên có nghĩa vụ trả nợ.</p>\r\n\r\n<p>7. Các tổ chức, hộ gia đình, cá nhân khác có liên quan.</p>\r\n\r\n<p><a name=\"dieu_3\"><strong>Điều 3. Trách nhiệm của tổ chức, hộ gia đình, cá nhân có liên quan trong việc xử lý tài sản bảo đảm</strong></a></p>\r\n\r\n<p>1. Tuân thủ các nguyên tắc được quy định tại&nbsp;<a name=\"dc_1\">Điều 58 Nghị định số 163/2006/NĐ-CP</a>&nbsp;ngày 29 tháng 12 năm 2006 của Chính phủ về giao dịch bảo đảm (sau đây gọi là Nghị định số 163/2006/NĐ-CP) và&nbsp;<a name=\"dc_2\">khoản 15 Điều 1 Nghị định số 11/2012/NĐ-CP</a>&nbsp;ngày 22 tháng 02 năm 2012 của Chính phủ về sửa đổi, bổ sung một số điều của Nghị định số 163/2006/NĐ-CP ngày 29 tháng 12 năm 2006 của Chính phủ về giao dịch bảo đảm và các quy định khác có liên quan.</p>\r\n\r\n<p>2. Thực hiện các thỏa thuận về xử lý tài sản bảo đảm đã được xác lập hợp pháp và các quy định khác có liên quan của pháp luật.</p>\r\n\r\n<p>3. Không được cản trở, chống đối việc thu giữ hợp pháp tài sản bảo đảm; không được che giấu, tẩu tán tài sản bảo đảm hoặc trốn tránh việc thực hiện nghĩa vụ được bảo đảm.</p>\r\n', '/phapluat/thong-tu-lien-tich-so-16-2014-ttlt-btp-btnm65.8.doc', '2022-06-17', NULL, NULL),
(14, 13, 1, 'THÔNG TƯ LIÊN TỊCH Hướng dẫn về mức thu, chế độ thu, nộp, quản lý và sử dụng phí công chứng', '<table border=\"0\" cellpadding=\"0\" cellspacing=\"0\">\r\n	<tbody>\r\n		<tr>\r\n			<td style=\"vertical-align:top\">\r\n			<p><strong>BỘ TÀI CHÍNH<br />\r\n			--------</strong></p>\r\n			</td>\r\n			<td style=\"vertical-align:top\">\r\n			<p><strong>CỘNG HÒA XÃ HỘI CHỦ NGHĨA VIỆT NAM<br />\r\n			Độc lập - Tự do - Hạnh phúc<br />\r\n			---------------</strong></p>\r\n			</td>\r\n		</tr>\r\n		<tr>\r\n			<td style=\"vertical-align:top\">\r\n			<p>Số: 257/2016/TT-BTC</p>\r\n			</td>\r\n			<td style=\"vertical-align:top\">\r\n			<p><em>Hà Nội, ngày 11 tháng 11 năm 2016</em></p>\r\n			</td>\r\n		</tr>\r\n	</tbody>\r\n</table>\r\n\r\n<p>&nbsp;</p>\r\n\r\n<p><a name=\"loai_1\"><strong>THÔNG TƯ</strong></a></p>\r\n\r\n<p><a name=\"loai_1_name\">QUY ĐỊNH MỨC THU, CHẾ ĐỘ THU, NỘP, QUẢN LÝ, SỬ DỤNG PHÍ CÔNG CHỨNG; PHÍ CHỨNG THỰC; PHÍ THẨM ĐỊNH TIÊU CHUẨN, ĐIỀU KIỆN HÀNH NGHỀ CÔNG CHỨNG; PHÍ THẨM ĐỊNH ĐIỀU KIỆN HOẠT ĐỘNG VĂN PHÒNG CÔNG CHỨNG; LỆ PHÍ CẤP THẺ CÔNG CHỨNG VIÊN</a></p>\r\n\r\n<p><em>Căn cứ Luật phí và lệ phí ngày 25 tháng 11 năm 2015;</em></p>\r\n\r\n<p><em>Căn cứ Luật ngân sách nhà nước ngày 25 tháng 6 năm 2015;</em></p>\r\n\r\n<p><em>Căn cứ Luật công chứng ngày 20 tháng 6 năm 2014;</em></p>\r\n\r\n<p><em>Căn cứ Nghị định số 120/2016/NĐ-CP ngày 23 tháng 8 năm 2016 của Chính phủ quy định chi tiết và hướng dẫn thi hành một số điều của Luật phí và lệ phí;</em></p>\r\n\r\n<p><em>Căn cứ Nghị định số 215/2013/NĐ-CP ngày 23 tháng 12 năm 2013 của Chính phủ quy định chức năng, nhiệm vụ, quyền hạn và cơ cấu tổ chức của Bộ Tài chính;</em></p>\r\n\r\n<p><em>Theo đề nghị của Vụ trưởng Vụ Chính sách thuế,</em></p>\r\n\r\n<p><em>Bộ trưởng Bộ Tài chính ban hành Thông tư quy định mức thu, chế độ thu, nộp, quản lý, sử dụng phí công chứng; phí chứng thực; phí thẩm định tiêu chuẩn, điều kiện hành nghề công chứng; phí thẩm định điều kiện hoạt động Văn phòng công chứng; lệ phí cấp thẻ công chứng viên, như sau:</em></p>\r\n\r\n<p><a name=\"dieu_1\"><strong>Điều 1. Phạm vi điều chỉnh, đối tượng áp dụng</strong></a></p>\r\n\r\n<p>1. Thông tư này quy định mức thu, chế độ thu, nộp, quản lý, sử dụng phí công chứng; phí chứng thực bản sao từ bản chính, chứng thực chữ ký trong giấy tờ, văn bản; phí thẩm định tiêu chuẩn, điều kiện hành nghề công chứng; phí thẩm định điều kiện hoạt động Văn phòng công chứng; lệ phí cấp thẻ công chứng viên.</p>\r\n\r\n<p>2. Thông tư này áp dụng đối với:</p>\r\n\r\n<p>a)&nbsp;Tổ chức, cá nhân yêu cầu công chứng hợp đồng, giao dịch, bản dịch, yêu cầu lưu giữ di chúc, cấp bản sao văn bản công chứng; yêu cầu chứng thực bản sao từ bản chính, chứng thực chữ ký trong giấy tờ, văn bản; yêu cầu&nbsp;thẩm định tiêu chuẩn, điều kiện hành nghề công chứng, thẩm định điều kiện hoạt động Văn phòng công chứng, cá nhân được cấp thẻ công chứng.</p>\r\n\r\n<p>b) Tổ chức thu phí công chứng; phí chứng thực; phí thẩm định tiêu chuẩn, điều kiện hành nghề công chứng; phí thẩm định điều kiện hoạt động Văn phòng công chứng; lệ phí cấp thẻ công chứng viên;</p>\r\n\r\n<p>c) Tổ chức, cá nhân khác có liên quan đến việc thu, nộp, quản lý, sử dụng phí công chứng; phí chứng thực; phí thẩm định tiêu chuẩn, điều kiện hành nghề công chứng; phí thẩm định điều kiện hoạt động Văn phòng công chứng; lệ phí cấp thẻ công chứng viên.</p>\r\n\r\n<p><a name=\"dieu_2\"><strong>Điều 2. Người nộp phí, lệ phí</strong></a></p>\r\n\r\n<p>1. Tổ chức, cá nhân khi yêu cầu công chứng hợp đồng, giao dịch, bản dịch, lưu giữ di chúc, cấp bản sao văn bản công chứng phải nộp phí công chứng.</p>\r\n\r\n<p>2. Tổ chức, cá nhân khi yêu cầu chứng thực bản sao từ bản chính, chứng thực chữ ký trong giấy tờ, văn bản phải nộp phí chứng thực.</p>\r\n\r\n<p>3. Cá nhân khi nộp hồ sơ tham dự kiểm tra kết quả tập sự hành nghề công chứng để bổ nhiệm công chứng viên hoặc cá nhân khi nộp hồ sơ bổ nhiệm lại công chứng viên thì phải nộp phí thẩm định tiêu chuẩn, điều kiện hành nghề công chứng.</p>\r\n\r\n<p>4. Tổ chức khi nộp hồ sơ đề nghị cấp giấy đăng ký hoạt động Văn phòng công chứng phải nộp phí thẩm định điều kiện hoạt động Văn phòng công chứng.</p>\r\n\r\n<p>5. Cá nhân khi được cấp mới, cấp lại thẻ công chứng viên phải nộp lệ phí cấp thẻ công chứng viên.</p>\r\n\r\n<p><a name=\"dieu_3\"><strong>Điều 3. Tổ chức thu phí, lệ phí</strong></a></p>\r\n\r\n<p>1. Phòng Công chứng là tổ chức thu phí công chứng, phí chứng thực.</p>\r\n\r\n<p>2. Văn phòng công chứng là tổ chức thu phí công chứng, phí chứng thực.</p>\r\n\r\n<p>3. Cục Bổ trợ tư pháp (Bộ Tư pháp) là tổ chức thu phí thẩm định tiêu chuẩn, điều kiện hành nghề công chứng.</p>\r\n\r\n<p>4. Sở Tư pháp các tỉnh, thành phố trực thuộc Trung ương (sau đây gọi là Sở Tư pháp) là tổ chức thu phí thẩm định điều kiện hoạt động Văn phòng công chứng và lệ phí cấp thẻ công chứng viên.</p>\r\n', '/phapluat/thong-tu-lien-tich-so-08-2012-ttlt-btc-btp56.doc', '2022-06-17', NULL, NULL),
(15, 14, 1, 'THONG TH LIEN TICH Hướng dẫn thủ tục thế chấp nhà ở hình thành trong tương lai theo Nghị định 71/2010/ND-CP ngày 23 tháng 6 năm 2010 của Chính phủ quy định chi tiết và hướng dẫn thi hành luật nhà ở', '<table border=\"0\" cellpadding=\"0\" cellspacing=\"0\">\r\n	<tbody>\r\n		<tr>\r\n			<td style=\"vertical-align:top\">\r\n			<p><strong>NGÂN HÀNG NHÀ NƯỚC VIỆT NAM - BỘ XÂY DỰNG - BỘ TƯ PHÁP - BỘ TÀI NGUYÊN VÀ MÔI TRƯỜNG</strong><br />\r\n			<strong>-------</strong></p>\r\n			</td>\r\n			<td style=\"vertical-align:top\">\r\n			<p><strong>CỘNG HÒA XÃ HỘI CHỦ NGHĨA VIỆT NAM<br />\r\n			Độc lập - Tự do - Hạnh phúc</strong><br />\r\n			<strong>---------------</strong></p>\r\n			</td>\r\n		</tr>\r\n		<tr>\r\n			<td style=\"vertical-align:top\">\r\n			<p>Số: 01/2014/TTLT-NHNN-BXD-BTP-BTNMT</p>\r\n			</td>\r\n			<td style=\"vertical-align:top\">\r\n			<p><em>Hà Nội, ngày 25 tháng 04 năm 2014</em></p>\r\n			</td>\r\n		</tr>\r\n	</tbody>\r\n</table>\r\n\r\n<p>&nbsp;</p>\r\n\r\n<p><a name=\"loai_1\"><strong>THÔNG TƯ LIÊN TỊCH</strong></a></p>\r\n\r\n<p><a name=\"loai_1_name\">HƯỚNG DẪN THỦ TỤC THẾ CHẤP NHÀ Ở HÌNH THÀNH TRONG TƯƠNG LAI THEO QUY ĐỊNH TẠI NGHỊ ĐỊNH SỐ 71/2010/NĐ-CP NGÀY 23 THÁNG 6 NĂM 2010 CỦA CHÍNH PHỦ QUY ĐỊNH CHI TIẾT VÀ HƯỚNG DẪN THI HÀNH LUẬT NHÀ Ở</a></p>\r\n\r\n<p><em>Căn cứ Bộ luật Dân sự năm 2005;</em></p>\r\n\r\n<p><em>Căn cứ Luật Nhà ở số 56/2005/QH11; Luật số 34/2009/QH12 sửa đổi, bổ sung Điều 126 của Luật Nhà ở và Điều 121 của Luật Đất đai; Luật số 38/2009/QH12 sửa đổi, bổ sung một số điều của các Luật liên quan đến đầu tư xây dựng cơ bản;</em></p>\r\n\r\n<p><em>Căn cứ Luật Kinh doanh bất động sản năm 2006;</em></p>\r\n\r\n<p><em>Căn cứ Luật Công chứng năm 2006;</em></p>\r\n\r\n<p><em>Căn cứ Luật Ngân hàng Nhà nước Việt Nam năm 2010 và Luật Các tổ chức tín dụng năm 2010;</em></p>\r\n\r\n<p><em>Căn cứ Luật Đất đai năm 2003;</em></p>\r\n\r\n<p><em>Căn cứ Nghị định số 163/2006/NĐ-CP ngày 29 tháng 12 năm 2006 của Chính phủ về giao dịch bảo đảm và Nghị định số 11/2012/NĐ-CP ngày 22 tháng 02 năm 2012 của Chính phủ về sửa đổi, bổ sung một số điều của Nghị định số 163/2006/NĐ-CP ngày 29 tháng 12 năm 2006 của Chính phủ về giao dịch bảo đảm;</em></p>\r\n\r\n<p><em>Căn cứ Nghị định số 153/2007/NĐ-CP ngày 15 tháng 10 năm 2007 của Chính phủ quy định chi tiết và hướng dẫn thi hành Luật Kinh doanh bất động sản;</em></p>\r\n\r\n<p><em>Căn cứ Nghị định số 71/2010/NĐ-CP ngày 23 tháng 6 năm 2010 của Chính phủ quy định chi tiết và hướng dẫn thi hành Luật Nhà ở;</em></p>\r\n\r\n<p><em>Căn cứ Nghị định số 83/2010/NĐ-CP ngày 23 tháng 7 năm 2010 của Chính phủ về đăng ký giao dịch bảo đảm;</em></p>\r\n\r\n<p><em>Căn cứ Nghị định số 188/2013/NĐ-CP ngày 20 tháng 11 năm 2013 của Chính phủ về phát triển và quản lý nhà ở xã hội;</em></p>\r\n\r\n<p><em>Căn cứ Nghị định số 156/2013/NĐ-CP ngày 11 tháng 11 năm 2013 của Chính phủ quy định chức năng, nhiệm vụ, quyền hạn và cơ cấu tổ chức của Ngân hàng Nhà nước Việt Nam;</em></p>\r\n\r\n<p><em>Căn cứ Nghị định số 62/2013/NĐ-CP ngày 25 tháng 6 năm 2013 của Chính phủ quy định chức năng, nhiệm vụ, quyền hạn và cơ cấu tổ chức của Bộ Xây dựng;</em></p>\r\n\r\n<p><em>Căn cứ Nghị định số 22/2013/NĐ-CP ngày 13 tháng 3 năm 2013 của Chính phủ quy định chức năng, nhiệm vụ, quyền hạn và cơ cấu tổ chức của Bộ Tư pháp;</em></p>\r\n\r\n<p><em>Căn cứ Nghị định số 21/2013/NĐ-CP ngày 04 tháng 3 năm 2013 của Chính phủ quy định chức năng, nhiệm vụ, quyền hạn và cơ cấu tổ chức của Bộ Tài nguyên và Môi trường;</em></p>\r\n\r\n<p><em>Thống đốc Ngân hàng Nhà nước Việt Nam, Bộ trưởng Bộ Xây dựng, Bộ trưởng Bộ Tư pháp, Bộ trưởng Bộ Tài nguyên và Môi trường ban hành Thông tư liên tịch hướng dẫn thủ tục thế chấp nhà ở hình thành trong tương lai theo quy định tại Khoản 2 Điều 61 của Nghị định số 71/2010/NĐ-CP ngày 23 tháng 6 năm 2010 của Chỉnh phủ quy định chi tiết và hướng dẫn &nbsp;thi hành Luật Nhà ở.</em></p>\r\n\r\n<p><a name=\"chuong_1\"><strong>Chương 1.</strong></a></p>\r\n\r\n<p><a name=\"chuong_1_name\"><strong>CÁC QUY ĐỊNH CHUNG</strong></a></p>\r\n\r\n<p><a name=\"dieu_1\"><strong>Điều 1. Phạm vi điều chỉnh</strong></a></p>\r\n\r\n<p>1. Thông tư này hướng dẫn thủ tục thế chấp nhà ở hình thành trong tương lai (bao gồm thủ tục thế chấp, công chứng hợp đồng thế chấp và đăng ký thế chấp) của tổ chức, cá nhân để vay vốn tại tổ chức tín dụng mua nhà ở trong dự án phát triển nhà ở, dự án đầu tư xây dựng khu đô thị (sau đây gọi tắt là dự án đầu tư xây dựng nhà ở) của doanh nghiệp kinh doanh bất động sản theo quy định tại&nbsp;<a name=\"dc_1\">Khoản 2 Điều 61 của Nghị định số 71/2010/NĐ-CP</a>&nbsp;ngày 23 tháng 6 năm 2010 của Chính phủ quy định chi tiết và hướng dẫn thi hành Luật Nhà ở (sau đây gọi tắt là Nghị định số 71/2010/NĐ-CP).</p>\r\n\r\n<p>2. Thông tư này không điều chỉnh đối với:</p>\r\n\r\n<p>a) Việc thế chấp nhà ở hình thành trong tương lai của hộ gia đình, cá nhân được xây dựng trên khuôn viên đất thuộc quyền sử dụng hợp pháp của mình để vay vốn tại các tổ chức tín dụng;</p>\r\n\r\n<p>b) Việc thế chấp quyền tài sản phát sinh từ hợp đồng mua bán nhà ở hình thành trong tương lai để vay vốn tại các tổ chức tín dụng.</p>\r\n\r\n<p><a name=\"dieu_2\"><strong>Điều 2. Đối tượng áp dụng</strong></a></p>\r\n\r\n<p>1. Tổ chức, cá nhân mua nhà ở hình thành trong tương lai của doanh nghiệp kinh doanh bất động sản trong dự án đầu tư xây dựng nhà ở (bao gồm cả tổ chức, cá nhân nhận chuyển nhượng hợp đồng mua bán nhà ở) và thế chấp để vay vốn mua chính nhà ở đó hoặc mua nhà ở khác của doanh nghiệp kinh doanh bất động sản trong dự án đầu tư xây dựng nhà ở.</p>\r\n\r\n<p>2. Các tổ chức tín dụng được thành lập và hoạt động theo quy định của Luật Các tổ chức tín dụng.</p>\r\n\r\n<p>3. Doanh nghiệp kinh doanh bất động sản có nhà ở hình thành trong tương lai trong dự án đầu tư xây dựng nhà ở bán cho các tổ chức, cá nhân thuộc diện được sở hữu nhà ở tại Việt Nam theo quy định của pháp luật.</p>\r\n\r\n<p>4. Các tổ chức hành nghề công chứng.</p>\r\n\r\n<p>5. Văn phòng đăng ký quyền sử dụng đất thuộc Sở Tài nguyên và Môi trường tỉnh, thành phố trực thuộc Trung ương; Văn phòng đăng ký quyền sử dụng đất thuộc Phòng Tài nguyên và Môi trường quận, huyện, thị xã, thành phố thuộc tỉnh; Phòng Tài nguyên và Môi trường quận, huyện, thị xã, thành phố thuộc tỉnh trong trường hợp chưa thành lập Văn phòng đăng ký quyền sử dụng đất thuộc Phòng Tài nguyên và Môi trường quận, huyện, thị xã, thành phố thuộc tỉnh (sau đây gọi tắt là Văn phòng đăng ký quyền sử dụng đất).</p>\r\n\r\n<p>6. Trung tâm Đăng ký giao dịch, tài sản của Cục Đăng ký quốc gia giao dịch bảo đảm thuộc Bộ Tư pháp (sau đây gọi tắt là Trung tâm Đăng ký giao dịch, tài sản).</p>\r\n\r\n<p>7. Các tổ chức, cá nhân khác có liên quan đến việc thế chấp nhà ở hình thành trong tương lai theo quy định tại Thông tư này.</p>\r\n\r\n<p><a name=\"dieu_3\"><strong>Điều 3. Giải thích từ ngữ</strong></a></p>\r\n\r\n<p>Trong Thông tư này, các từ ngữ dưới đây được hiểu như sau:</p>\r\n\r\n<p>1. Nhà ở hình thành trong tương lai làm tài sản thế chấp là nhà ở được tổ chức, cá nhân mua của doanh nghiệp kinh doanh bất động sản trong dự án đầu tư xây dựng nhà ở mà tại thời điểm xác lập hợp đồng thế chấp nhà ở đó đang trong quá trình đầu tư xây dựng theo hồ sơ thiết kế được duyệt và Giấy phép xây dựng (đối với trường hợp phải có Giấy phép xây dựng) hoặc đã hoàn thành việc xây dựng theo quy định của pháp luật về xây dựng nhưng chưa được cấp Giấy chứng nhận quyền sử dụng đất, quyền sở hữu nhà ở và tài sản khác gắn liền với đất (sau đây gọi tắt là Giấy chứng nhận).</p>\r\n\r\n<p>2. Doanh nghiệp kinh doanh bất động sản là doanh nghiệp hoặc hợp tác xã được thành lập và hoạt động theo quy định của Luật Doanh nghiệp, Luật Đầu tư Luật Hợp tác xã, có chức năng kinh doanh bất động sản theo quy định của pháp luật, làm chủ đầu tư dự án xây dựng nhà ở hoặc mua nhà ở của chủ đầu tư dự án xây dựng nhà ở để bán cho khách hàng.</p>\r\n\r\n<p>3. Hợp đồng thế chấp nhà ở hình thành trong tương lai (sau đây gọi tắt là hợp đồng thế chấp) là văn bản thỏa thuận giữa tổ chức, cá nhân quy định tại Khoản 1 Điều 2 của Thông tư này (bên thế chấp) và tổ chức tín dụng quy định tại Khoản 2 Điều 2 của Thông tư này (bên nhận thế chấp) nhằm xác lập, thay đổi hoặc chấm dứt quyền và nghĩa vụ của các bên về việc thế chấp nhà ở hình thành trong tương lai.</p>\r\n\r\n<p>4. Phạm vi nghĩa vụ bảo đảm của bên thế chấp đối với bên nhận thế chấp bao gồm số tiền vay (nợ gốc), tiền lãi vay, lãi nợ quá hạn và các khoản phí liên quan đến khoản vay (nếu có) do các bên thỏa thuận phù hợp với quy định của pháp luật.</p>\r\n\r\n<p>5. Đăng ký thế chấp nhà ở hình thành trong tương lai là việc cơ quan có thẩm quyền đăng ký thế chấp nhà ở hình thành trong tương lai ghi nhận các thông tin về thế chấp nhà ở hình thành trong tương lai vào sổ đăng ký thế chấp nhà ở hình thành trong tương lai, xác nhận đã đăng ký thế chấp nhà ở hình thành trong tương lai vào đơn yêu cầu đăng ký thế chấp, bao gồm: đăng ký lần đầu, đăng ký thay đổi, đăng ký văn bản thông báo xử lý tài sản thế chấp, xóa đăng ký thế chấp.</p>\r\n\r\n<p>6. Chuyển tiếp đăng ký thế chấp nhà ở hình thành trong tương lai, chuyển tiếp đăng ký thế chấp quyền phát sinh từ hợp đồng mua bán nhà ở hình thành trong tương lai là việc Văn phòng đăng ký quyền sử dụng đất xác nhận nội dung đăng ký thế chấp nhà ở vào sổ địa chính, trang bổ sung của Giấy chứng nhận và Đơn đăng ký chuyển tiếp thế chấp trong các trường hợp đã đăng ký thế chấp nhà ở hình thành trong tương lai theo quy định tại Thông tư này hoặc đã đăng ký thế chấp quyền tài sản phát sinh từ hợp đồng mua bán nhà ở hình thành trong tương lai theo quy định của pháp luật nhưng đến thời điểm được cấp Giấy chứng nhận chưa xóa đăng ký thế chấp.</p>\r\n\r\n<p><a name=\"dieu_4\"><strong>Điều 4. Nguyên tắc thực hiện thế chấp nhà ở hình thành trong tương lai</strong></a></p>\r\n\r\n<p>1. Tổ chức tín dụng nhận thế chấp nhà ở hình thành trong tương lai của tổ chức cá nhân để cho vay vốn mua nhà ở của doanh nghiệp kinh doanh bất động sản phải thực hiện theo quy định tại Thông tư này, quy định của pháp luật khác có liên quan.</p>\r\n\r\n<p>2. Việc thế chấp nhà ở hình thành trong tương lai chỉ được thực hiện khi nhà ở đó đã có đủ các điều kiện thế chấp quy định tại Điều 6 của Thông tư này.</p>\r\n\r\n<p>3. Giá trị nhà ở hình thành trong tương lai dùng để thế chấp do hai bên thỏa thuận trên cơ sở giá trị nhà ở được xác định tại thời điểm ký kết hợp đồng mua bán nhà ở.</p>\r\n\r\n<p>4. Hợp đồng thế chấp phải được công chứng và đăng ký giao dịch bảo đảm theo quy định tại Thông tư này.</p>\r\n\r\n<p>5. Bên thế chấp chỉ được thế chấp nhà ở hình thành trong tương lai tại một tổ chức tín dụng để vay vốn mua nhà ở trong dự án đầu tư xây dựng nhà ở của doanh nghiệp kinh doanh bất động sản.</p>\r\n\r\n<p>6. Trường hợp nhà ở hình thành trong tương lai đang được thế chấp theo hình thức thế chấp quyền tài sản phát sinh từ hợp đồng mua bán nhà ở hình thành trong tương lai thì không được tiếp tục thế chấp nhà ở đó tại tổ chức tín dụng theo quy định tại Thông tư này. Trường hợp nhà ở hình thành trong tương lai đang được thế chấp theo quy định tại Thông tư này thì không được tiếp tục thế chấp theo hình thức thế chấp quyền tài sản phát sinh từ hợp đồng mua bán nhà ở đó.</p>\r\n\r\n<p>7. Trường hợp dự án đầu tư xây dựng nhà ở đã được doanh nghiệp kinh doanh bất động sản thế chấp để thực hiện nghĩa vụ dân sự khác thì doanh nghiệp kinh doanh bất động sản phải thực hiện thủ tục đăng ký thay đổi nội dung thế chấp đã đăng ký (rút bớt tài sản thế chấp) trước khi bán nhà ở trong dự án đó cho tổ chức, cá nhân.</p>\r\n\r\n<p>8. Trước khi thực hiện thủ tục cấp Giấy chứng nhận, bên thế chấp và bên nhận thế chấp có thể thỏa thuận sửa đổi nội dung hợp đồng thế chấp đã ký hoặc ký hợp đồng thế chấp mới.</p>\r\n\r\n<p>9. Cơ quan có thẩm quyền đăng ký thế chấp thực hiện việc đăng ký thế chấp nhà ở hình thành trong tương lai theo hình thức đăng ký ghi nhận trên cơ sở thông tin được kê khai trên đơn yêu cầu đăng ký. Người yêu cầu đăng ký kê khai hồ sơ đăng ký và phải chịu trách nhiệm trước pháp luật về tính hợp pháp, chính xác của thông tin được kê khai và các loại tài liệu, giấy tờ trong hồ sơ đăng ký.</p>\r\n\r\n<p><a name=\"dieu_5\"><strong>Điều 5. Loại nhà ở hình thành trong tương lai được thế chấp</strong></a></p>\r\n\r\n<p>Nhà ở hình thành trong tương lai được thế chấp để vay vốn theo quy định tại Thông tư này bao gồm nhà ở thương mại và nhà ở xã hội theo quy định của pháp luật về nhà ở, cụ thể là:</p>\r\n\r\n<p>1. Căn hộ chung cư được xây dựng trong dự án đầu tư xây dựng nhà ở;</p>\r\n\r\n<p>2. Nhà ở riêng lẻ (bao gồm nhà biệt thự, nhà ở liền kề) được xây dựng trong dự án đầu tư xây dựng nhà ở.</p>\r\n\r\n<p><a name=\"dieu_6\"><strong>Điều 6. Điều kiện nhà ở hình thành trong tương Iai được thế chấp</strong></a></p>\r\n\r\n<p>Nhà ở hình thành trong tương lai được thế chấp tại tổ chức tín dụng phải có đủ các điều kiện sau đây:</p>\r\n\r\n<p>1. Đã có thiết kế kỹ thuật nhà ở được phê duyệt, đã xây dựng xong phần móng nhà ở, đã hoàn thành thủ tục mua bán và có hợp đồng mua bán ký kết với doanh nghiệp kinh doanh bất động sản theo quy định của pháp luật về nhà ở hoặc nhà ở đã được bàn giao cho người mua nhưng chưa được cơ quan nhà nước có thẩm quyền cấp Giấy chứng nhận theo quy định của pháp luật;</p>\r\n\r\n<p>2. Không bị kê biên để thi hành án hoặc để chấp hành quyết định hành chính của cơ quan nhà nước có thẩm quyền đối với nhà ở đã được bàn giao cho người mua nhưng chưa được cơ quan nhà nước có thẩm quyền cấp Giấy chứng nhận theo quy định của pháp luật;</p>\r\n\r\n<p>3. Thuộc dự án đầu tư xây dựng nhà ở mà dự án này đã được cơ quan nhà nước có thẩm quyền cấp Giấy chứng nhận hoặc đã có quyết định giao đất, cho thuê đất của cơ quan nhà nước có thẩm quyền cấp cho chủ đầu tư dự án theo quy định của pháp luật đối với dự án đầu tư xây dựng nhà ở xã hội.</p>\r\n\r\n<p><a name=\"dieu_7\"><strong>Điều 7. Hồ sơ thế chấp nhà ở hình thành trong tương lai</strong></a></p>\r\n\r\n<p>Hồ sơ thế chấp nhà ở hình thành trong tương lai để vay vốn tại tổ chức tín dụng bao gồm các giấy tờ sau đây:</p>\r\n\r\n<p>1. Trường hợp thế chấp nhà ở hình thành trong tương lai đang trong quá trình xây dựng thì hồ sơ thế chấp gồm có:</p>\r\n\r\n<p>a) Hợp đồng mua bán nhà ở được ký giữa bên thế chấp với doanh nghiệp kinh doanh bất động sản phù hợp quy định của pháp luật về nhà ở&nbsp;<em>(01 bản gốc)</em>; các biên lai, hóa đơn thu tiền của doanh nghiệp kinh doanh bất động sản&nbsp;<em>(01 bản gốc, nếu có)</em>. Trường hợp nhà ở hình thành trong tương lai do doanh nghiệp kinh doanh bất động sản mua của chủ đầu tư để bán lại cho khách hàng thì phải có thêm hợp đồng mua bán được ký kết giữa chủ đầu tư với doanh nghiệp này&nbsp;<em>(01 bản sao có chứng thực)</em>. Trường hợp bên thế chấp là bên nhận chuyển nhượng hợp đồng mua bán nhà ở thì phải có thêm bản gốc văn bản chuyển nhượng hợp đồng mua bán nhà ở theo quy định của pháp luật về nhà ở;</p>\r\n\r\n<p>b) Hợp đồng thế chấp phù hợp với quy định của pháp luật;</p>\r\n\r\n<p>c) Biên bản nghiệm thu nhà ở đã hoàn thành việc xây dựng xong phần móng theo quy định của pháp luật xây dựng&nbsp;<em>(01 bản sao có chứng thực)</em>;</p>\r\n\r\n<p>d) Giấy xác nhận giao dịch qua sàn giao dịch bất động sản theo quy định của pháp luật về kinh doanh bất động sản hoặc có tên trong danh sách được Sở Xây dựng nơi có dự án nhà ở xác nhận thuộc diện phân chia tối đa không quá 20% sản phẩm nhà ở theo quy định của pháp luật về nhà ở nếu là nhà ở thương mại&nbsp;<em>(01 bản gốc)</em>;</p>\r\n\r\n<p>đ) Một trong các loại giấy tờ quy định tại Khoản 3 Điều 6 của Thông tư này&nbsp;<em>(01 bản sao có chứng thực)</em>.</p>\r\n\r\n<p>2. Trường hợp thế chấp nhà ở hình thành trong tương lai đã được bàn giao thì hồ sơ thế chấp gồm có:</p>\r\n\r\n<p>a) Các loại giấy tờ quy định tại các Điểm a, b, d và Điểm đ Khoản 1 Điều này;</p>\r\n\r\n<p>b) Biên bản bàn giao nhà ở được ký kết giữa doanh nghiệp kinh doanh bất động sản với bên thế chấp&nbsp;<em>(01 bản gốc)</em>.</p>\r\n\r\n<p><a name=\"dieu_8\"><strong>Điều 8. Quyền và nghĩa vụ của bên thế chấp</strong></a></p>\r\n\r\n<p>1. Quyền của bên thế chấp:</p>\r\n\r\n<p>a) Từ chối các yêu cầu của bên nhận thế chấp không đúng với thỏa thuận trong hợp đồng thế chấp và quy định của pháp luật;</p>\r\n\r\n<p>b) Được nhận lại giấy tờ trong hồ sơ thế chấp quy định tại Điều 7 của Thông tư này và Giấy chứng nhận (nếu có) ngay sau khi thực hiện đầy đủ nghĩa vụ trả nợ cho bên nhận thế chấp hoặc trường hợp bên thế chấp thay thế bằng biện pháp bảo đảm khác hoặc thay thế tài sản bảo đảm khác khi được bên nhận thế chấp đồng ý;</p>\r\n\r\n<p>c) Các quyền khác theo quy định của pháp luật.</p>\r\n\r\n<p>2. Nghĩa vụ của bên thế chấp:</p>\r\n\r\n<p>a) Thực hiện đúng các nội dung đã thỏa thuận ghi trong hợp đồng thế chấp;</p>\r\n\r\n<p>b) Cung cấp đầy đủ hồ sơ thế chấp theo quy định tại Điều 7 của Thông tư này;</p>\r\n\r\n<p>c) Cùng với bên nhận thế chấp thực hiện việc công chứng hợp đồng thế chấp tại các tổ chức hành nghề công chứng và đăng ký thế chấp nhà ở hình thành trong tương lai tại cơ quan có thẩm quyền đăng ký thế chấp nhà ở theo quy định tại Chương II và Chương III của Thông tư này; phối hợp với bên nhận thế chấp đăng ký thay đổi nội dung đã đăng ký thế chấp nhà ở hình thành trong tương lai khi nhà ở hoàn thành việc xây dựng, bàn giao và được cấp Giấy chứng nhận;</p>\r\n\r\n<p>d) Trong trường hợp nhà ở thế chấp bị hư hỏng hoặc bị tiêu hủy hoặc không thể hoàn thành việc xây dựng vì lý do khách quan hoặc bị dừng quá trình xây dựng thì bên thế chấp phải thông báo ngay cho bên nhận thế chấp và thay thế bằng tài sản khác có giá trị tương đương hoặc bổ sung, thay thế bằng biện pháp bảo đảm khác, trừ trường hợp các bên có thỏa thuận khác;</p>\r\n\r\n<p>đ) Bồi thường thiệt hại cho bên nhận thế chấp (nếu có);</p>\r\n\r\n<p>e) Thực hiện các nghĩa vụ khác theo quy định của pháp luật dân sự và giao dịch bảo đảm.</p>\r\n\r\n<p><a name=\"dieu_9\"><strong>Điều 9. Quyền và nghĩa vụ của bên nhận thế chấp</strong></a></p>\r\n\r\n<p>1. Quyền của bên nhận thế chấp:</p>\r\n\r\n<p>a) Yêu cầu bên thế chấp cung cấp đầy đủ hồ sơ nhà ở thế chấp theo quy định tại Điều 7 của Thông tư này;</p>\r\n\r\n<p>b) Thực hiện quyền giám sát, kiểm tra quá trình hình thành nhà ở thế chấp;</p>\r\n\r\n<p>c) Được quyền định giá lại tài sản thế chấp định kỳ hoặc tại bất kỳ thời điểm nào theo thỏa thuận ghi trong hợp đồng thế chấp để yêu cầu bổ sung tài sản thế chấp hoặc biện pháp bảo đảm khác nếu xét thấy cần thiết;</p>\r\n\r\n<p>d) Thực hiện xử lý tài sản thế chấp theo quy định của pháp luật trong trường hợp bên thế chấp không thực hiện hoặc thực hiện không đầy đủ các nghĩa vụ theo thỏa thuận trong hợp đồng thế chấp;</p>\r\n\r\n<p>đ) Yêu cầu doanh nghiệp kinh doanh bất động sản có nhà ở bán cho bên thế chấp cung cấp thông tin liên quan đến nhà ở thể chấp, phối hợp với bên thế chấp làm thủ tục cấp Giấy chứng nhận đối với nhà ở thế chấp, tạo điều kiện để bên nhận thế chấp thực hiện quyền giám sát, kiểm tra quá trình hình thành nhà ở thế chấp;</p>\r\n\r\n<p>e) Yêu cầu tổ chức hành nghề công chứng thực hiện công chứng hợp đồng thế chấp;</p>\r\n\r\n<p>g) Yêu cầu cơ quan có thẩm quyền đăng ký giao dịch bảo đảm xóa đăng ký hoặc thay đổi thông tin đăng ký trong các trường hợp sửa đổi, bổ sung, thay thế tài sản thế chấp hoặc tài sản thế chấp được xử lý, hủy bỏ hoặc chấm dứt thế chấp nhà ở hình thành trong tương lai;</p>\r\n\r\n<p>h) Các quyền khác theo quy định của pháp luật</p>\r\n\r\n<p>2 Nghĩa vụ của bên nhận thế chấp:</p>\r\n\r\n<p>a) Thực hiện đúng các nội dung đã thỏa thuận trong hợp đồng thế chấp;</p>\r\n\r\n<p>b) Kiểm tra, xác minh nhà ở hình thành trong tương lai đủ điều kiện thế chấp theo quy định tại Điều 6 của Thông tư này;</p>\r\n\r\n<p>c) Không được cản trở hoặc gây khó khăn cho việc hoàn thành xây dựng nhà ở thế chấp khi thực hiện việc giám sát, kiểm tra;</p>\r\n\r\n<p>d) Giao lại các giấy tờ mà bên thế chấp đã nộp trong hồ sơ thế chấp, Giấy chứng nhận (nếu có) cho bên thế chấp khi bên thế chấp hoàn thành nghĩa vụ trả nợ theo thỏa thuận trong hợp đồng thế chấp hoặc trường hợp bên thế chấp thay thế bằng biện pháp bảo đảm khác hoặc thay thế bằng tài sản bảo đảm khác;</p>\r\n\r\n<p>đ) Sau khi ký kết hợp đồng thế chấp và đăng ký thế chấp hợp đồng thế chấp, bên nhận thế chấp phải gửi văn bản cho doanh nghiệp kinh doanh bất động sản để thông báo về việc bên mua nhà ở hình thành trong tương lai đã thế chấp nhà ở;</p>\r\n\r\n<p>c) Bồi thường thiệt hại cho bên thế chấp (nếu có);</p>\r\n\r\n<p>g) Thực hiện các nghĩa vụ khác theo quy định của pháp luật.</p>\r\n\r\n<p><a name=\"dieu_10\"><strong>Điều 10. Quyền và nghĩa vụ của doanh nghiệp kinh doanh bất động sản</strong></a></p>\r\n\r\n<p>1. Quyền của doanh nghiệp kinh doanh bất động sản có nhà ở hình thành trong tương lai bán cho tổ chức, cá nhân được dùng để thế chấp vay vốn tại tổ chức tín dụng:</p>\r\n\r\n<p>a) Từ chối cung cấp thông tin, tài liệu liên quan đến hồ sơ nhà ở thế chấp không đúng quy định tại Thông tư này;</p>\r\n\r\n<p>b) Yêu cầu bên thế chấp thực hiện thanh toán tiền theo đúng nội dung thỏa thuận ghi trong hợp đồng mua bán nhà ở;</p>\r\n\r\n<p>c) Các quyền khác theo quy định của pháp luật.</p>\r\n\r\n<p>2. Nghĩa vụ của doanh nghiệp kinh doanh bất động sản có nhà ở hình thành trong tương lai bán cho tổ chức, cá nhân được dùng để thế chấp vay vốn tại tổ chức tín dụng:</p>\r\n\r\n<p>a) Cung cấp đầy đủ, trung thực các tài liệu có liên quan để bên mua thực hiện việc thế chấp tại tổ chức tín dụng theo quy định tại Thông tư này và pháp luật về giao dịch bảo đảm. Giao cho bên nhận thế chấp các giấy tờ, tài liệu liên quan đến nhà ở thế chấp phát sinh sau thời điểm xác lập hợp đồng thế chấp theo ủy quyền của bên thế chấp;</p>\r\n\r\n<p>b) Trường hợp doanh nghiệp kinh doanh bất động sản đã thế chấp dự án để bảo đảm thực hiện nghĩa vụ dân sự khác thì trước khi ký kết hợp đồng mua bán nhà ở, doanh nghiệp kinh doanh phải thực hiện đăng ký thay đổi nội dung đã đăng ký để rút bớt tài sản bảo đảm là nhà ở hình thành trong tương lai bán cho bên thế chấp theo quy định của pháp luật;</p>\r\n\r\n<p>c) Khi nhận được thông báo của bên nhận thế chấp về việc nhà ở hình thành trong tương lai đang được thế chấp, doanh nghiệp kinh doanh bất động sản không được làm thủ tục chuyển nhượng nhà ở hình thành trong tương lai đó cho bất cứ tổ chức, cá nhân nào, nếu chưa có văn bản đồng ý của bên nhận thế chấp;</p>\r\n\r\n<p>d) Cung cấp đầy đủ hồ sơ pháp lý của nhà ở thế chấp để cơ quan có thẩm quyền cấp Giấy chứng nhận cho bên thế chấp hoặc bên nhận chuyển nhượng nhà ở thế chấp khi nhà ở thế chấp bị xử lý theo quy định của pháp luật;</p>\r\n\r\n<p>đ) Tạo điều kiện để bên nhận thế chấp thực hiện quyền giám sát, kiểm tra quá trình hình thành nhà ở thế chấp;</p>\r\n\r\n<p>e) Thông báo cho bên thế chấp, bên nhận thế chấp biết tiến độ thanh toán tiền mua nhà ở, tiến độ xây dựng và hoàn thành việc xây dựng nhà ở;</p>\r\n\r\n<p>g) Phối hợp với bên nhận thế chấp thực hiện việc giải ngân vốn vay theo đúng quy định của pháp luật, đề nghị xóa đăng ký thế chấp và xử lý tài sản thế chấp;</p>\r\n\r\n<p>h) Thực hiện các nghĩa vụ khác theo quy định của pháp luật.</p>\r\n\r\n<p><a name=\"dieu_11\"><strong>Điều 11. Quyền và nghĩa vụ của Sàn giao dịch bất động sản đối với nhà ở thương mại thế chấp</strong></a></p>\r\n\r\n<p>1. Cung cấp các thông tin, tài liệu liên quan đến nhà ở hình thành trong tương lai theo đề nghị của bên nhận thế chấp hoặc Sở Xây dựng nơi có dự án và chịu trách nhiệm về thông tin, tài liệu do mình cung cấp.</p>\r\n\r\n<p>2. Từ chối cung cấp thông tin, tài liệu liên quan đến hồ sơ nhà ở thế chấp không đúng quy định tại Thông tư này.</p>\r\n\r\n<p>3. Thực hiện các quyền và nghĩa vụ khác theo quy định của pháp luật.</p>\r\n', '/phapluat/thong-tu-lien-tich-so-01-2014-ttlt-nhnn-bxd-btp-btnmt27.pdf', '2022-06-17', NULL, NULL),
(16, 1, 1, 'NGHỊ ĐỊNH  QUY ĐỊNH XỬ PHẠT VI PHẠM HÀNH CHÍNH TRONG LĨNH VỰC BỔ TRỢ TƯ PHÁP, HÀNH CHÍNH TƯ PHÁP, HÔN NHÂN VÀ GIA ĐÌNH, THI HÀNH ÁN DÂN SỰ, PHÁ SẢN DOANH NGHIỆP, HỢP TÁC XÃ', '<table border=\"0\" cellpadding=\"0\" cellspacing=\"0\">\r\n	<tbody>\r\n		<tr>\r\n			<td style=\"vertical-align:top\">\r\n			<p><strong>CHÍNH PHỦ<br />\r\n			--------</strong></p>\r\n			</td>\r\n			<td style=\"vertical-align:top\">\r\n			<p><strong>CỘNG HÒA XÃ HỘI CHỦ NGHĨA VIỆT NAM<br />\r\n			Độc lập - Tự do - Hạnh phúc<br />\r\n			---------------</strong></p>\r\n			</td>\r\n		</tr>\r\n		<tr>\r\n			<td style=\"vertical-align:top\">\r\n			<p>Số: 82/2020/NĐ-CP</p>\r\n			</td>\r\n			<td style=\"vertical-align:top\">\r\n			<p><em>Hà Nội, ngày 15 tháng 7 năm 2020</em></p>\r\n			</td>\r\n		</tr>\r\n	</tbody>\r\n</table>\r\n\r\n<p>&nbsp;</p>\r\n\r\n<p><a name=\"loai_1\"><strong>NGHỊ ĐỊNH</strong></a></p>\r\n\r\n<p><a name=\"loai_1_name\">QUY ĐỊNH XỬ PHẠT VI PHẠM HÀNH CHÍNH TRONG LĨNH VỰC BỔ TRỢ TƯ PHÁP; HÀNH CHÍNH TƯ PHÁP; HÔN NHÂN VÀ GIA ĐÌNH; THI HÀNH ÁN DÂN SỰ; PHÁ SẢN DOANH NGHIỆP, HỢP TÁC XÃ</a></p>\r\n\r\n<p><em>Căn cứ Luật Tổ chức Chính phủ ngày 19 tháng 6 năm 2015;</em></p>\r\n\r\n<p><em>Căn cứ Luật Xử lý vi phạm hành chính ngày 20 tháng 6 năm 2012;</em></p>\r\n\r\n<p><em>Căn cứ Bộ luật Dân sự ngày 24 tháng 11 năm 2015;</em></p>\r\n\r\n<p><em>Căn cứ Luật Luật sư ngày 29 tháng 6 năm 2006 và Luật sửa đổi, bổ sung một số điều của Luật Luật sư ngày 20 tháng 11 năm 2012;</em></p>\r\n\r\n<p><em>Căn cứ Luật Công chứng ngày 20 tháng 6 năm 2014;</em></p>\r\n\r\n<p><em>Căn cứ Luật Giám định tư pháp ngày 20 tháng 6 năm 2012;</em></p>\r\n\r\n<p><em>Căn cứ Luật Đấu giá tài sản ngày 17 tháng 11 năm 2016;</em></p>\r\n\r\n<p><em>Căn cứ Luật Quản lý, sử dụng tài sản công ngày 21 tháng 6 năm 2017;</em></p>\r\n\r\n<p><em>Căn cứ Luật Trọng tài thương mại ngày 17 tháng 6 năm 2010;</em></p>\r\n\r\n<p><em>Căn cứ Luật Hộ tịch ngày 20 tháng 11 năm 2014;</em></p>\r\n\r\n<p><em>Căn cứ Luật Quốc tịch Việt Nam ngày 13 tháng 11 năm 2008 và Luật sửa đổi bổ sung một số điều của Luật Quốc tịch Việt Nam ngày 24 tháng 6 năm 2014;</em></p>\r\n\r\n<p><em>Căn cứ Luật Lý lịch tư pháp ngày 17 tháng 6 năm 2009;</em></p>\r\n\r\n<p><em>Căn cứ Luật Phổ biến, giáo dục pháp luật ngày 20 tháng 6 năm 2012;</em></p>\r\n\r\n<p><em>Căn cứ Luật Trợ giúp pháp lý ngày 20 tháng 6 năm 2017;</em></p>\r\n\r\n<p><em>Căn cứ Luật Trách nhiệm bồi thường của Nhà nước ngày 20 tháng 6 năm 2017;</em></p>\r\n\r\n<p><em>Căn cứ Luật Hôn nhân và gia đình ngày 19 tháng 6 năm 2014;</em></p>\r\n\r\n<p><em>Căn cứ Luật Nuôi con nuôi ngày 17 tháng 6 năm 2010;</em></p>\r\n\r\n<p><em>Căn cứ Luật Thi hành án dân sự ngày 14 tháng 11 năm 2008 và Luật sửa đổi, bổ sung một số điều của Luật Thi hành án dân sự ngày 25 tháng 11 năm 2014;</em></p>\r\n\r\n<p><em>Căn cứ Luật Phá sản ngày 19 tháng 6 năm 2014;</em></p>\r\n\r\n<p><em>Căn cứ Nghị định số&nbsp;<a href=\"https://thuvienphapluat.vn/van-ban/dich-vu-phap-ly/nghi-dinh-77-2008-nd-cp-tu-van-phap-luat-68424.aspx\" target=\"_blank\">77/2008/NĐ-CP</a>&nbsp;ngày 16 tháng 7 năm 2008 của Chính phủ về tư vấn pháp luật;</em></p>\r\n\r\n<p><em>Căn cứ Nghị định số&nbsp;<a href=\"https://thuvienphapluat.vn/van-ban/bo-may-hanh-chinh/nghi-dinh-113-2014-nd-cp-quan-ly-hop-tac-quoc-te-phap-luat-258739.aspx\" target=\"_blank\">113/2014/NĐ-CP</a>&nbsp;ngày 26 tháng 11 năm 2014 của Chính phủ về quản lý hợp tác quốc tế về pháp luật;</em></p>\r\n\r\n<p><em>Căn cứ Nghị định số&nbsp;<a href=\"https://thuvienphapluat.vn/van-ban/dich-vu-phap-ly/nghi-dinh-23-2015-nd-cp-cap-chung-thuc-ban-sao-tu-ban-chinh-chung-thuc-chu-ky-266857.aspx\" target=\"_blank\">23/2015/NĐ-CP</a>&nbsp;ngày 16 tháng 02 năm 2015 của Chính phủ về cấp bản sao từ sổ gốc, chứng thực bản sao từ bản chính, chứng thực chữ ký và chứng thực hợp đồng, giao dịch;</em></p>\r\n\r\n<p><em>Căn cứ Nghị định số&nbsp;<a href=\"https://thuvienphapluat.vn/van-ban/thuong-mai/nghi-dinh-22-2017-nd-cp-hoa-giai-thuong-mai-280010.aspx\" target=\"_blank\">22/2017/NĐ-CP</a>&nbsp;ngày 24 tháng 02 năm 2017 của Chính phủ về hoà giải thương mại;</em></p>\r\n\r\n<p><em>Căn cứ Nghị định số&nbsp;<a href=\"https://thuvienphapluat.vn/van-ban/bo-may-hanh-chinh/nghi-dinh-08-2020-nd-cp-to-chuc-va-hoat-dong-cua-thua-phat-lai-331814.aspx\" target=\"_blank\">08/2020/NĐ-CP</a>&nbsp;ngày 08 tháng 01 năm 2020 của Chính phủ về tổ chức và hoạt động của thừa phát lại;</em></p>\r\n\r\n<p><em>Theo đề nghị của Bộ trưởng Bộ Tư pháp;</em></p>\r\n\r\n<p><em>Chính phủ ban hành Nghị định quy định xử phạt vi phạm hành chính trong lĩnh vực bổ trợ tư pháp; hành chính tư pháp; hôn nhân và gia đình; thi hành án dân sự; phá sản doanh nghiệp, hợp tác xã.</em></p>\r\n\r\n<p><a name=\"chuong_1\"><strong>Chương I</strong></a></p>\r\n\r\n<p><a name=\"chuong_1_name\"><strong>QUY ĐỊNH CHUNG</strong></a></p>\r\n\r\n<p><a name=\"dieu_1\"><strong>Điều 1. Phạm vi điều chỉnh</strong></a></p>\r\n\r\n<p>1. Nghị định này quy định về hành vi vi phạm hành chính, hình thức xử phạt, mức xử phạt, biện pháp khắc phục hậu quả đối với hành vi vi phạm hành chính, thẩm quyền lập biên bản, thẩm quyền xử phạt, mức phạt tiền cụ thể theo từng chức danh đối với hành vi vi phạm hành chính trong các lĩnh vực sau đây:</p>\r\n\r\n<p>a) Bổ trợ tư pháp, bao gồm: luật sư; tư vấn pháp luật; công chứng; giám định tư pháp; đấu giá tài sản; trọng tài thương mại; hòa giải thương mại; thừa phát lại;</p>\r\n\r\n<p>b) Hành chính tư pháp, bao gồm: hộ tịch; quốc tịch; chứng thực; lý lịch tư pháp; phổ biến, giáo dục pháp luật; hợp tác quốc tế về pháp luật; trợ giúp pháp lý; đăng ký biện pháp bảo đảm; trách nhiệm bồi thường của Nhà nước;</p>\r\n\r\n<p>c) Hôn nhân và gia đình;</p>\r\n\r\n<p>d) Thi hành án dân sự;</p>\r\n\r\n<p>đ) Phá sản doanh nghiệp, hợp tác xã.</p>\r\n\r\n<p>2. Các vi phạm hành chính trong lĩnh vực bổ trợ tư pháp; hành chính tư pháp; hôn nhân và gia đình; thi hành án dân sự; phá sản doanh nghiệp, hợp tác xã không quy định tại Nghị định này thì áp dụng theo quy định về xử phạt vi phạm hành chính trong các lĩnh vực quản lý nhà nước có liên quan.</p>\r\n\r\n<p><a name=\"dieu_2\"><strong>Điều 2. Đối tượng bị xử phạt</strong></a></p>\r\n\r\n<p>1. Cá nhân, tổ chức Việt Nam; cá nhân, tổ chức nước ngoài (sau đây gọi là cá nhân, tổ chức) có hành vi vi phạm hành chính trong các lĩnh vực quy định tại khoản 1 Điều 1 Nghị định này.</p>\r\n\r\n<p>2. Tổ chức là đối tượng bị xử phạt theo quy định của Nghị định này, bao gồm:</p>\r\n\r\n<p>a) Tổ chức hành nghề luật sư; tổ chức xã hội - nghề nghiệp của luật sư; tổ chức hành nghề luật sư nước ngoài tại Việt Nam; trung tâm tư vấn pháp luật, chi nhánh của trung tâm tư vấn pháp luật; tổ chức hành nghề công chứng; tổ chức xã hội - nghề nghiệp của công chứng viên; văn phòng giám định tư pháp; tổ chức đấu giá tài sản; tổ chức mà nhà nước sở hữu 100% vốn điều lệ do Chính phủ thành lập để xử lý nợ xấu của tổ chức tín dụng; tổ chức có tài sản đấu giá; trung tâm trọng tài; chi nhánh, văn phòng đại diện của trung tâm trọng tài; chi nhánh, văn phòng đại diện của tổ chức trọng tài nước ngoài tại Việt Nam; trung tâm hòa giải thương mại; chi nhánh, văn phòng đại diện của trung tâm hòa giải thương mại; tổ chức hòa giải thương mại nước ngoài tại Việt Nam; văn phòng thừa phát lại; doanh nghiệp quản lý, thanh lý tài sản;</p>\r\n\r\n<p>b) Trung tâm tư vấn, hỗ trợ hôn nhân và gia đình có yếu tố nước ngoài; văn phòng con nuôi nước ngoài tại Việt Nam; tổ chức tham gia trợ giúp pháp lý;</p>\r\n\r\n<p>c) Doanh nghiệp, hợp tác xã tiến hành thủ tục phá sản; ngân hàng nơi doanh nghiệp, hợp tác xã có tài khoản;</p>\r\n\r\n<p>d) Cơ quan, tổ chức thực hiện hoạt động hợp tác quốc tế về pháp luật với cơ quan chính phủ, tổ chức quốc tế liên chính phủ và tổ chức phi chính phủ nước ngoài;</p>\r\n\r\n<p>đ) Cơ quan nhà nước có hành vi vi phạm mà hành vi đó không thuộc nhiệm vụ quản lý nhà nước được giao;</p>\r\n\r\n<p>e) Các tổ chức khác có hành vi vi phạm trong các lĩnh vực quy định tại khoản 1 Điều 1 Nghị định này.</p>\r\n\r\n<p><a name=\"dieu_3\"><strong>Điều 3. Hình thức xử phạt và biện pháp khắc phục hậu quả</strong></a></p>\r\n\r\n<p>1. Hình thức xử phạt chính:</p>\r\n\r\n<p>a) Cảnh cáo;</p>\r\n\r\n<p>b) Phạt tiền;</p>\r\n\r\n<p>c) Tước quyền sử dụng giấy phép, chứng chỉ hành nghề có thời hạn.</p>\r\n\r\n<p>2. Hình thức xử phạt bổ sung:</p>\r\n\r\n<p>a) Tước quyền sử dụng giấy phép, chứng chỉ hành nghề có thời hạn;</p>\r\n\r\n<p>b) Đình chỉ hoạt động có thời hạn;</p>\r\n\r\n<p>c) Tịch thu tang vật, phương tiện vi phạm hành chính.</p>\r\n\r\n<p>3. Biện pháp khắc phục hậu quả:</p>\r\n\r\n<p>Ngoài các biện pháp khắc phục hậu quả quy định tại các&nbsp;<a name=\"dc_1\">điểm a, e và i khoản 1 Điều 28 của Luật Xử lý vi phạm hành chính</a>, Nghị định này quy định các biện pháp khắc phục hậu quả khác áp dụng đối với hành vi vi phạm quy định tại các Chương II, III, IV, V, VI và VII, bao gồm:</p>\r\n\r\n<p>a) Kiến nghị cơ quan, tổ chức, người có thẩm quyền xem xét, xử lý đối với giấy tờ, văn bản đã cấp do có hành vi tẩy xóa, sửa chữa làm sai lệch nội dung hoặc giấy tờ, văn bản bị tẩy xóa, sửa chữa làm sai lệch nội dung;</p>\r\n\r\n<p>b) Buộc tổ chức hành nghề công chứng, cơ quan thực hiện chứng thực thông báo cho cơ quan, tổ chức, cá nhân có quyền, nghĩa vụ liên quan về hợp đồng, giao dịch đã được công chứng, chứng thực;</p>\r\n\r\n<p>c) Buộc thu hồi và huỷ bỏ giấy tờ, văn bản, tài liệu, chứng cứ giả;</p>\r\n\r\n<p>d) Buộc tổ chức hành nghề công chứng thông báo trên cổng thông tin điện tử của Sở Tư pháp nơi đặt trụ sở về bản dịch đã được công chứng, văn bản đã được chứng thực;</p>\r\n\r\n<p>đ) Buộc cơ quan thực hiện chứng thực đang lưu trữ hồ sơ chứng thực thông báo trên cổng thông tin điện tử của Ủy ban nhân dân cấp tỉnh về bản dịch đã được chứng thực;</p>\r\n\r\n<p>e) Huỷ bỏ kết quả đấu giá tài sản đối với tài sản công;</p>\r\n\r\n<p>g) Buộc tổ chức đấu giá tài sản thực hiện các thủ tục để đề nghị hủy kết quả đấu giá theo quy định trong trường hợp đấu giá tài sản không phải là tài sản công;</p>\r\n\r\n<p>h) Kiến nghị cơ quan, tổ chức, người có thẩm quyền xem xét việc hủy kết quả đấu giá trong trường hợp đấu giá tài sản không phải là tài sản công;</p>\r\n\r\n<p>i) Kiến nghị cơ quan có thẩm quyền tiến hành tố tụng xem xét việc sử dụng kết luận giám định khi phát hiện vi phạm làm ảnh hưởng đến nội dung của kết luận giám định;</p>\r\n\r\n<p>k) Thông báo trên cổng thông tin điện tử của Sở Tư pháp nơi thừa phát lại đăng ký hành nghề về vi bằng đã được lập do có hành vi vi phạm;</p>\r\n\r\n<p>l) Buộc chịu mọi chi phí để khôi phục lại tình trạng ban đầu;</p>\r\n\r\n<p>m) Buộc chịu mọi chi phí để khám bệnh, chữa bệnh và chi phí khác (nếu có);</p>\r\n\r\n<p>n) Buộc nộp lại số tiền tạm ứng, kinh phí bồi thường;</p>\r\n\r\n<p>o) Buộc thu hồi các khoản đã thanh toán hoặc bù trừ không đúng quy định của pháp luật;</p>\r\n\r\n<p>p) Buộc huỷ bỏ tài liệu có nội dung sai sự thật, trái pháp luật, trái đạo đức xã hội, truyền thống tốt đẹp của dân tộc.</p>\r\n\r\n<p><a name=\"dieu_4\"><strong>Điều 4. Quy định về mức phạt tiền, thẩm quyền phạt tiền đối với cá nhân, tổ chức</strong></a></p>\r\n\r\n<p>1. Mức phạt tiền tối đa đối với cá nhân trong các lĩnh vực: hành chính tư pháp, hôn nhân và gia đình là 30.000.000 đồng.</p>\r\n\r\n<p>2. Mức phạt tiền tối đa đối với cá nhân trong các lĩnh vực: thi hành án dân sự, phá sản doanh nghiệp, hợp tác xã là 40.000.000 đồng.</p>\r\n\r\n<p>3. Mức phạt tiền tối đa đối với cá nhân trong lĩnh vực bổ trợ tư pháp là 50.000.000 đồng.</p>\r\n\r\n<p>4. Mức phạt tiền quy định tại các Chương II, III, IV, V, VI và VII Nghị định này được áp dụng đối với hành vi vi phạm hành chính của cá nhân, trừ các điều quy định tại khoản 5 Điều này. Trường hợp tổ chức có hành vi vi phạm hành chính như của cá nhân thì mức phạt tiền bằng 02 lần mức phạt tiền đối với cá nhân.</p>\r\n\r\n<p>5. Mức phạt tiền quy định tại các Điều 7, 8, 9, 16, 17, 24, 26, 29, 33, 39, 50, 53, 63, 71, 72, 73, 74 và 80 Nghị định này là mức phạt tiền đối với hành vi vi phạm hành chính của tổ chức.</p>\r\n\r\n<p>6. Thẩm quyền phạt tiền của các chức danh được quy định tại Chương VIII Nghị định này là thẩm quyền phạt tiền đối với một hành vi vi phạm hành chính của cá nhân, thẩm quyền phạt tiền tổ chức gấp 02 lần thẩm quyền phạt tiền cá nhân.</p>\r\n', '/phapluat/nghi-dinh-so-110-2013-nd-cp23.doc', '2022-06-17', NULL, NULL);

-- --------------------------------------------------------

--
-- Cấu trúc bảng cho bảng `thuvien`
--

CREATE TABLE `thuvien` (
  `ID_TV` int(10) UNSIGNED NOT NULL,
  `ID_CHUYENMUC_TV` int(11) NOT NULL,
  `ID_ADMIN` int(11) NOT NULL,
  `FILE_TV` varchar(255) COLLATE utf8mb4_unicode_ci NOT NULL,
  `created_at` timestamp NULL DEFAULT NULL,
  `updated_at` timestamp NULL DEFAULT NULL
) ENGINE=InnoDB DEFAULT CHARSET=utf8mb4 COLLATE=utf8mb4_unicode_ci;

--
-- Đang đổ dữ liệu cho bảng `thuvien`
--

INSERT INTO `thuvien` (`ID_TV`, `ID_CHUYENMUC_TV`, `ID_ADMIN`, `FILE_TV`, `created_at`, `updated_at`) VALUES
(37, 1, 1, '/thuvien/a1-8372.png', NULL, NULL),
(38, 1, 1, '/thuvien/anh-chup-man-hinh-2022-06-17-luc-18-27-23-3411.png', NULL, NULL),
(39, 1, 1, '/thuvien/bo-nhiem-7030.jpg', NULL, NULL),
(40, 1, 1, '/thuvien/fce1cc6f043ec7609e2f-4503.png', NULL, NULL),
(41, 1, 1, '/thuvien/screenshot-20220528-155428-chrome-2199.jpg', NULL, NULL),
(42, 2, 1, '/thuvien/Hệ thống giữ xe thông minh Tparking _ TTZ Việt Nam.mp4', NULL, NULL),
(43, 2, 1, '/thuvien/Miền Bắc đón mưa dông từ đêm nay 21_6, xua tan cái nắng _đổ lửa_ _ VTC Now.mp4', NULL, NULL),
(44, 2, 1, '/thuvien/Video tuyên truyền An toàn giao thông - B Productions.mp4', NULL, NULL);

-- --------------------------------------------------------

--
-- Cấu trúc bảng cho bảng `vanban`
--

CREATE TABLE `vanban` (
  `ID_VB` int(10) UNSIGNED NOT NULL,
  `ID_CHUYENMUC_VB` int(11) NOT NULL,
  `ID_ADMIN` int(11) NOT NULL,
  `TIEUDE_VB` varchar(255) COLLATE utf8mb4_unicode_ci NOT NULL,
  `NOIDUNG_VB` text COLLATE utf8mb4_unicode_ci NOT NULL,
  `FILE_VB` varchar(255) COLLATE utf8mb4_unicode_ci NOT NULL,
  `HINHANH_VB` varchar(255) COLLATE utf8mb4_unicode_ci NOT NULL,
  `NGAYDANG_VB` date NOT NULL,
  `created_at` timestamp NULL DEFAULT NULL,
  `updated_at` timestamp NULL DEFAULT NULL
) ENGINE=InnoDB DEFAULT CHARSET=utf8mb4 COLLATE=utf8mb4_unicode_ci;

--
-- Đang đổ dữ liệu cho bảng `vanban`
--

INSERT INTO `vanban` (`ID_VB`, `ID_CHUYENMUC_VB`, `ID_ADMIN`, `TIEUDE_VB`, `NOIDUNG_VB`, `FILE_VB`, `HINHANH_VB`, `NGAYDANG_VB`, `created_at`, `updated_at`) VALUES
(8, 3, 1, 'THÔNG BÁO      Về việc thay đổi trụ sở làm việc Hội Công chứng viên TP. Cần Thơ', '<h1>THÔNG BÁO Về việc thay đổi trụ sở làm việc Hội Công chứng viên TP. Cần Thơ</h1>\r\n\r\n<table cellspacing=\"0\" style=\"border-collapse:collapse; width:7.25in\">\r\n	<tbody>\r\n		<tr>\r\n			<td style=\"background-color:#ffffff; height:60px; vertical-align:top; width:276px\">\r\n			<p><strong>HỘI CÔNG CHỨNG VIÊN</strong></p>\r\n\r\n			<p><img alt=\"\" src=\"file:///C:/Users/dell/AppData/Local/Temp/msohtmlclip1/01/clip_image001.gif\" /><strong>THÀNH PHỐ CẦN THƠ</strong></p>\r\n			</td>\r\n			<td style=\"background-color:#ffffff; height:60px; vertical-align:top; width:420px\">\r\n			<h1>CỘNG HOÀ XÃ HỘI CHỦ NGHĨA VIỆT NAM</h1>\r\n\r\n			<p><img alt=\"\" src=\"file:///C:/Users/dell/AppData/Local/Temp/msohtmlclip1/01/clip_image002.gif\" /><strong>Độc lập - Tự do - Hạnh phúc</strong><br />\r\n			&nbsp;</p>\r\n			</td>\r\n		</tr>\r\n		<tr>\r\n			<td style=\"background-color:#ffffff; height:12px; vertical-align:top; width:276px\">\r\n			<p>Số:&nbsp;24/TB-HCCV</p>\r\n\r\n			<p>&nbsp;</p>\r\n			</td>\r\n			<td style=\"background-color:#ffffff; height:12px; vertical-align:top; width:420px\">\r\n			<p><em>Cần Thơ, ngày 26 tháng 6 năm 2020</em></p>\r\n			</td>\r\n		</tr>\r\n	</tbody>\r\n</table>\r\n\r\n<p><strong>THÔNG BÁO</strong><strong>&nbsp;&nbsp;&nbsp;&nbsp;</strong></p>\r\n\r\n<p><img alt=\"\" src=\"file:///C:/Users/dell/AppData/Local/Temp/msohtmlclip1/01/clip_image003.gif\" /><strong>Về việc thay đổi trụ sở làm việc</strong><strong>&nbsp;Hội Công chứng viên TP. Cần Thơ</strong></p>\r\n\r\n<p>&nbsp;&nbsp;&nbsp;&nbsp;&nbsp;&nbsp;&nbsp;&nbsp;&nbsp;</p>\r\n\r\n<p>Hội Công Chứng viên thành phố Cần Thơ trân trọng thông báo<strong>&nbsp;</strong>về việc thay đổi địa chỉ trụ sở làm việc&nbsp;của Hội như sau:</p>\r\n\r\n<p>Trụ sở làm việc mới của Hội tại địa chỉ: số 1A Trần Khánh Dư, phường Xuân Khánh, quận Ninh Kiều, thành phố Cần Thơ sẽ chính thức đi vào hoạt động&nbsp;<strong>kể từ ngày 22 tháng 6 năm 2020.</strong></p>\r\n\r\n<p>Email:&nbsp;<a href=\"mailto:hoicongchungct@gmail.com\">hoicongchungct@gmail.com</a></p>\r\n\r\n<p>Điện thoại:<strong>&nbsp;</strong>0907 981 060 (Nguyễn Thu Hà - Thư ký hội).<strong>&nbsp;&nbsp;&nbsp;&nbsp;&nbsp;&nbsp;&nbsp;&nbsp;&nbsp;&nbsp;&nbsp;&nbsp;&nbsp;&nbsp;&nbsp;&nbsp;</strong></p>\r\n\r\n<p>Trụ sở Hội là nơi&nbsp;tiếp xúc, giải quyết những công việc liên quan đến công tác hội và hội viên, tiếp và giải quyết các yêu cầu của hội viên;&nbsp;nơi họp&nbsp;của Lãnh đạo hội,&nbsp;Ban chấp hành Hội, do thư ký hội trực&nbsp;và giải quyết công việc hàng ngày của hội.&nbsp;&nbsp;</p>\r\n\r\n<p>Thời gian trực&nbsp;giải quyết yêu cầu của hội viên là:&nbsp;<em>từ 13 giờ 00 phút đến 1</em><em>6h45</em><em>&nbsp;phút vào các ngày thứ hai, thứ tư và thứ sáu hàng tuần.</em></p>\r\n\r\n<p>Nay, Hội Công Chứng viên thành phố Cần Thơ thông báo đến&nbsp;Hội viên,&nbsp;các cơ quan, tổ chức, cá nhân&nbsp;có liên quan&nbsp;biết để thuận tiện liên hệ công việc./.</p>\r\n\r\n<table cellspacing=\"0\" style=\"border-collapse:collapse; width:638px\">\r\n	<tbody>\r\n		<tr>\r\n			<td style=\"background-color:#ffffff; height:5px; vertical-align:top; width:311px\">\r\n			<p><strong><em>Nơi nhận:</em></strong></p>\r\n\r\n			<p><em>-<strong>&nbsp;</strong></em>Sở Tư pháp (để b/c);</p>\r\n\r\n			<p>- Ban Chấp hành (để biết);</p>\r\n\r\n			<p>- Các tổ chức hành nghề công chứng;</p>\r\n\r\n			<p>- Hội viên&nbsp;(trang web, gởi mail);</p>\r\n\r\n			<p>- Lưu: VT.</p>\r\n\r\n			<p>&nbsp;</p>\r\n			</td>\r\n			<td style=\"background-color:#ffffff; height:5px; vertical-align:top; width:327px\">\r\n			<p><strong>TM. BAN CHẤP HÀNH</strong></p>\r\n\r\n			<p><strong>CHỦ TỊCH</strong></p>\r\n\r\n			<p><strong>&nbsp;&nbsp;&nbsp;&nbsp;&nbsp;&nbsp;&nbsp;&nbsp;&nbsp;&nbsp;&nbsp;&nbsp;&nbsp;&nbsp;&nbsp;&nbsp;&nbsp;&nbsp;&nbsp;&nbsp;&nbsp;&nbsp;&nbsp;&nbsp;&nbsp;&nbsp;&nbsp;&nbsp;(Đã ký)</strong></p>\r\n\r\n			<p><strong>&nbsp;</strong></p>\r\n\r\n			<p><strong>Nguyễn Thanh Đình</strong></p>\r\n			</td>\r\n		</tr>\r\n	</tbody>\r\n</table>\r\n', '/vanban/24-tb-ccv62.).doc', '/vanban/anh.jpg', '2022-06-18', NULL, NULL),
(9, 1, 1, 'v/v đề nghị thành lập hội chi bộ CCV trực thuộc Đảng bộ khối CQDC Đảng', '<p>hiều ngày 09/6/2022 tại Hội trường Sở Giáo dục và Đào tạo, Chi bộ Giáo dục Trung học đã tiến hành tổ chức Đại hội Chi bộ lần thứ II, nhiệm kỳ 2022-2025.</p>\r\n\r\n<p>&nbsp; &nbsp; &nbsp;Về dự Đại hội có đồng chí Nguyễn Thị Phương Thảo, Phó Bí thư thường trực Đảng ủy khối, Tổ trưởng tổ công tác số 2; đồng chí Nguyễn Mạnh Hùng, chuyên viên Ban xây dựng tổ chức cơ sở Đảng, Đảng ủy khối; đồng chí Phạm Thị Hồng Hải – Tỉnh ủy viên, Bí thư Đảng bộ, Giám đốc Sở GDĐT; đồng chí Huỳnh Quang Long – Phó Giám đốc Sở GDĐT cùng các đồng chí đại đại diện các Chi bộ trực thuộc Đảng bộ cơ sở Sở GDĐT và 12 đảng viên trong Chi bộ Giáo dục Trung học.</p>\r\n\r\n<p><img alt=\"\" src=\"https://edumedia.dalat.vn//Images/LDG/khoabv/B%C3%A1oGDT%C4%90/image002_637904766571979067.jpg\" /></p>\r\n\r\n<p><em>Toàn cảnh Đại Hội Chi bộ Giáo dục Trung học</em></p>\r\n\r\n<p>&nbsp; &nbsp; &nbsp;Tại Đại hội toàn thể các đồng chí tham dự đã được nghe Báo cáo tổng kết thực hiện&nbsp;Nghị quyết Đại hội nhiệm kỳ 2020-2022 và mục tiêu, phương hướng, nhiệm vụ, giải pháp nhiệm kỳ 2022-2025; báo cáo kiểm điểm của Chi ủy nhiệm kỳ 2020 – 2022. Theo đó, trong nhiệm kỳ 2020 - 2022, Chi bộ Giáo dục Trung học đã lãnh đạo hoàn thành tốt các chỉ tiêu nghị quyết đề ra.&nbsp;Thường&nbsp;xuyên quan tâm nâng cao chất lượng học tập, quán triệt các Nghị quyết, Chỉ thị của cấp trên; tiếp tục triển khai thực hiện Nghị quyết Trung ương 4 (khóa XI, XII) gắn với thực hiện Chỉ thị 05-CT/TW về việc “Đẩy mạnh học tập và làm theo tư tưởng, đạo đức, phong cách Hồ Chí Minh”... để giáo dục, rèn luyện đảng viên trong chi bộ. 100% đảng viên có lập trường tư tưởng vững vàng, có phẩm chất đạo đức, lối sống lành mạnh; tích cực trong&nbsp;tự học tập, bồi dưỡng nâng cao&nbsp;trình độ chuyên môn, nghiệp vụ. Công tác sinh hoạt chi bộ đã từng bước đổi mới, nâng cao chất lượng góp phần quan trọng hoàn thành thắng lợi các chỉ tiêu Nghị quyết Đại hội Đảng bộ Sở Giáo dục và Đào tạo nhiệm kỳ 2020-2025.</p>\r\n\r\n<p>Đại hội&nbsp;đã tập trung thảo luận, đánh giá và nhất trí thông qua Báo cáo&nbsp;kiểm điểm kết quả thực hiện Nghị quyết Đại hội nhiệm kỳ 2020-2022; Đại hội đã đề&nbsp;ra&nbsp;các&nbsp;chỉ&nbsp;tiêu&nbsp;cơ bản&nbsp;để phấn đấu thực hiện, đồng thời xác định các giải pháp&nbsp;nhằm thực hiện nghị quyết nhiệm kỳ 2022-2025.</p>\r\n\r\n<p>&nbsp;</p>\r\n\r\n<p><img alt=\"\" src=\"https://edumedia.dalat.vn//Images/LDG/khoabv/B%C3%A1oGDT%C4%90/image004_637904766572287875.jpg\" /></p>\r\n\r\n<p><em>Đồng chí Phạm Thị Hồng Hải- Tỉnh ủy viên, Bí thư Đảng ủy, Giám đốc Sở GDĐT phát biểu chỉ đạo Đại hội.</em></p>\r\n\r\n<p>&nbsp; &nbsp; &nbsp;Phát biểu chỉ đạo Đại hội, đồng chí&nbsp;Phạm Thị Hồng Hải&nbsp;–&nbsp;Tỉnh ủy viên, &nbsp;Bí thư Đảng bộ,&nbsp;Giám đốc&nbsp;Sở Giáo dục và Đào tạo đã ghi nhận kết quả chi bộ đã đạt được trong thời gian qua, đồng thời cũng nêu rõ một số tồn tại của nhiệm kỳ trước.&nbsp;&nbsp;Đồng chí mong muốn&nbsp;trong&nbsp;nhiệm kỳ mới, chi bộ phát huy kết quả&nbsp;đã&nbsp;đạt được,&nbsp;tập trung sâu hơn nữa đối với các nhiệm vụ giáo dục chính trị tư tưởng nhằm nâng&nbsp;cao chất lượng công tác tham mưu,&nbsp;xây dựng Chi bộ&nbsp;Giáo dục Trung học&nbsp;thực sự vững mạnh.&nbsp;&nbsp;</p>\r\n', '/vanban/26-hccv68.8.pdf', '/vanban/anh1.jpg', '2022-06-18', NULL, NULL),
(11, 1, 1, 'ĐƠN ĐỀ NGHỊ XÓA TÊN KHỎI DANH SÁCH HỘI VIÊN', '<p><strong>ĐẢNG CỘNG SẢN VIỆT NAM</strong></p>\r\n\r\n<p><em>……, ngày…..tháng…..năm…..</em></p>\r\n\r\n<p><strong>ĐƠN XIN RA KHỎI HỘI&nbsp;</strong></p>\r\n\r\n<p><em>Kính gửi:</em></p>\r\n\r\n<p>- Chi ủy chi bộ hội ……………………………………………….……………………</p>\r\n\r\n<p>- Đảng ủy ……………………………………………….………………………..</p>\r\n\r\n<p>Tên tôi là: ....................................................................................................</p>\r\n\r\n<p>Sinh ngày:&nbsp; …………………….. tại: …………………………………….……</p>\r\n\r\n<p>Quê quán: ……………………………………………………………….………</p>\r\n\r\n<p>Hộ khẩu thường trú: ……………………………………………………………</p>\r\n\r\n<p>Nơi ở hiện nay:…………………………………………………………………..</p>\r\n\r\n<p>Công việc hiện nay: …………………………………………………………….</p>\r\n\r\n<p>Vào Đảng ngày: ………………. Chính thức ngày: ………………….............</p>\r\n\r\n<p>Số điện thoại liên lạc: …………….……... Email:&nbsp; …………………………… Nay tôi làm đơn này mong các cấp Hội viên xem xét và cho tôi xin ra khỏi Hội theo đúng quy định của Điều lệ Hội.</p>\r\n\r\n<p>Lý do: ……………………………………………………………………………..</p>\r\n\r\n<p>…………………………………………………………………………………….</p>\r\n\r\n<p>Tôi xin hứa khi thôi đứng trong hàng ngũ của Hội, Tôi vẫn phấn đấu tu dưỡng, giữ gìn phẩm chất đạo đức của người giáo viên và tư tưởng của Hội đã được tôi luyện trong nhiều năm qua đồng thời hoàn thành tốt mọi nhiệm vụ mà đơn vị giao phó.</p>\r\n\r\n<p>Tôi xin chân trọng cảm ơn!</p>\r\n\r\n<p><strong>Người làm đơn</strong></p>\r\n\r\n<p><em>(Ký và ghi rõ họ tên)</em></p>\r\n', '/vanban/mau-don51.n.doc', '/vanban/anh3.jpg', '2022-06-18', NULL, NULL),
(12, 3, 1, 'KẾ HOẠCH Triển khai hoạt động năm 2021  của Hội Công chứng viên thành phố Cần Thơ', '<table border=\"0\" cellpadding=\"0\" cellspacing=\"0\">\r\n	<tbody>\r\n		<tr>\r\n			<td style=\"vertical-align:top\">\r\n			<p><strong>ỦY BAN NHÂN DÂN</strong><br />\r\n			<strong>THÀNH PHỐ CẦN THƠ<br />\r\n			-------</strong></p>\r\n			</td>\r\n			<td style=\"vertical-align:top\">\r\n			<p><strong>CỘNG HÒA XÃ HỘI CHỦ NGHĨA VIỆT NAM<br />\r\n			Đ</strong><strong>ộc lập - Tự do - Hạnh phú</strong><strong>c<br />\r\n			----------------</strong></p>\r\n			</td>\r\n		</tr>\r\n		<tr>\r\n			<td style=\"vertical-align:top\">\r\n			<p>Số: 02/KH-UBND</p>\r\n			</td>\r\n			<td style=\"vertical-align:top\">\r\n			<p><em>Cần Thơ, ngày 06 tháng 01 năm 2021</em></p>\r\n			</td>\r\n		</tr>\r\n	</tbody>\r\n</table>\r\n\r\n<p>&nbsp;</p>\r\n\r\n<p><a name=\"loai_1\"><strong>KẾ HOẠCH</strong></a></p>\r\n\r\n<p><a name=\"loai_1_name\">THỰC HIỆN QUẢN LÝ NHÀ NƯỚC VỀ CÔNG TÁC BỔ TRỢ TƯ PHÁP TRÊN ĐỊA BÀN THÀNH PHỐ NĂM 2021</a></p>\r\n\r\n<p>Nhằm triển khai thực hiện có hiệu quả các quy định pháp luật trong lĩnh vực bổ trợ tư pháp, bảo đảm hài hòa giữa công tác quản lý nhà nước và xã hội hóa trong các lĩnh vực bổ trợ tư pháp theo tinh thần cải cách tư pháp của Nghị quyết số 49-NQ/TW ngày 02 tháng 6 năm 2005 của Bộ Chính trị về chiến lược cải cách tư pháp đến năm 2020 và Kết luận số 92-KL/TW ngày 12 tháng 3 năm 2014 của Bộ Chính trị về việc tiếp tục thực hiện Nghị quyết số 49-NQ/TW, Ủy ban nhân dân thành phố ban hành Kế hoạch thực hiện quản lý nhà nước về công tác bổ trợ tư pháp trên địa bàn thành phố năm 2021, như sau:</p>\r\n\r\n<p><a name=\"muc_1\"><strong>I. MỤC ĐÍCH, YÊU CẦU</strong></a></p>\r\n\r\n<p><strong>1. Mục đích</strong></p>\r\n\r\n<p>a) Thực hiện có hiệu quả Kết luận số 92-KL/TW ngày 12 tháng 3 năm 2014 của Bộ Chính trị về việc tiếp tục thực hiện Nghị quyết số 49-NQ/TW ngày 02 tháng 6 năm 2005 của Bộ Chính trị về chiến lược cải cách tư pháp đến năm 2020 và Chương trình số 1087-CTr/BCSĐCP ngày 22 tháng 9 năm 2016 của Ban Cán sự Đảng Chính phủ về trọng tâm công tác tư pháp giai đoạn 2016-2021;</p>\r\n\r\n<p>b) Tiếp tục triển khai thực hiện có hiệu quả các văn bản pháp luật về luật sư, tư vấn pháp luật. Chú trọng phát triển đội ngũ luật sư giỏi về chuyên môn, tuân thủ đạo đức nghề nghiệp, đáp ứng cơ bản yêu cầu hội nhập kinh tế quốc tế. Tăng cường vai trò tự quản của Đoàn Luật sư thành phố, đảm bảo sự lãnh đạo của Đảng đối với tổ chức luật sư. Nâng cao hiệu quả hoạt động của các Trung tâm tư vấn pháp luật cả về quy mô và chất lượng;</p>\r\n\r\n<p>c) Tiếp tục triển khai thực hiện có hiệu quả các văn bản pháp luật về công chứng. Triển khai thực hiện Nghị quyết số&nbsp;<a href=\"https://thuvienphapluat.vn/van-ban/dich-vu-phap-ly/nghi-quyet-172-nq-cp-2020-chinh-sach-phat-trien-nghe-cong-chung-457855.aspx\" target=\"_blank\">172/NQ-CP</a>&nbsp;ngày 19 tháng 11 năm 2020 của Chính phủ về chính sách phát triển nghề công chứng (sau đây gọi là Nghị quyết số 172/NQ-CP), đưa hoạt động quản lý nhà nước về công chứng đi vào nề nếp. Phát huy vai trò của Hội Công chứng viên thành phố, xây dựng mạng lưới các tổ chức hành nghề công chứng ngày càng chuyên nghiệp, hiện đại, góp phần thúc đẩy các quan hệ, giao dịch dân sự, kinh tế, thương mại trên địa bàn thành phố;</p>\r\n\r\n<p>d) Tiếp tục triển khai thực hiện có hiệu quả Quyết định số&nbsp;<a href=\"https://thuvienphapluat.vn/van-ban/dich-vu-phap-ly/quyet-dinh-250-qd-ttg-2018-tiep-tuc-doi-moi-va-nang-cao-hieu-qua-hoat-dong-giam-dinh-tu-phap-376185.aspx\" target=\"_blank\">250/QĐ-TTg</a>&nbsp;ngày 28 tháng 02 năm 2018 của Thủ tướng Chính phủ phê duyệt Đề án tiếp tục đổi mới và nâng cao hiệu quả hoạt động giám định tư pháp. Phát huy trách nhiệm của Thủ trưởng các ngành, tổ chức có liên quan nhằm thực hiện tốt chức năng quản lý nhà nước đối với lĩnh vực giám định tư pháp theo quy định của pháp luật. Củng cố và phát triển đội ngũ người giám định tư pháp, tổ chức giám định tư pháp đủ về số lượng, đạt tiêu chuẩn về chất lượng đáp ứng được yêu cầu của tổ chức trưng cầu giám định, người yêu cầu giám định, góp phần giải quyết các vụ việc dân sự, vụ án hình sự, hành chính trên địa bàn thành phố được kịp thời, công bằng, khách quan và chính xác;</p>\r\n\r\n<p>đ) Triển khai thực hiện có hiệu quả Luật Luật Đấu giá tài sản, Chỉ thị số&nbsp;<a href=\"https://thuvienphapluat.vn/van-ban/thuong-mai/chi-thi-40-ct-ttg-2020-tang-cuong-cong-tac-quan-ly-nha-nuoc-doi-voi-hoat-dong-dau-gia-tai-san-456586.aspx\" target=\"_blank\">40/CT-TTg</a>&nbsp;ngày 02 tháng 11 năm 2020 của Thủ tướng Chính phủ về tăng cường quản lý nhà nước đối với hoạt động đấu giá tài sản (sau đây gọi là Chỉ thị số 40/CT-TTg). Nâng cao tính chuyên môn, chuyên nghiệp của hoạt động đấu giá tài sản, đáp ứng yêu cầu xử lý tài sản của tổ chức, cá nhân; nâng cao tính công khai, minh bạch, hiệu quả trong việc xử lý tài sản, đặc biệt là tài sản công;</p>\r\n\r\n<p>e) Triển khai thực hiện có hiệu quả Nghị định số&nbsp;<a href=\"https://thuvienphapluat.vn/van-ban/bo-may-hanh-chinh/nghi-dinh-08-2020-nd-cp-to-chuc-va-hoat-dong-cua-thua-phat-lai-331814.aspx\" target=\"_blank\">08/2020/NĐ-CP</a>&nbsp;ngày 08 tháng 01 năm 2020 của Chính phủ về tổ chức và hoạt động Thừa phát lại. Nâng cao hiệu quả quản lý nhà nước về lĩnh vực Thừa phát lại, đưa hoạt động Thừa phát lại đi vào hoạt động ổn định và đạt hiệu quả. Huy động các nguồn lực xã hội tham gia xây dựng và thực hiện chế định Thừa phát lại nhằm giảm áp lực công việc, giảm chi tiêu cho ngân sách nhà nước và nâng cao hiệu quả hoạt động của các cơ quan tư pháp mà trực tiếp là Tòa án và Cơ quan thi hành án dân sự trên địa bàn thành phố.</p>\r\n\r\n<p><strong>2. Yêu cầu</strong></p>\r\n\r\n<p>a) Đảm bảo thực hiện có hiệu quả những nội dung đã được nêu trong Kế hoạch; các hoạt động đề ra phải phù hợp với tình hình thực tiễn của địa phương, của Ngành Tư pháp;</p>\r\n\r\n<p>b) Đảm bảo sự phối hợp chặt chẽ giữa các cơ quan, tổ chức có liên quan trong việc tuyên truyền, phối hợp và hỗ trợ cho các hoạt động để tổ chức thực hiện Kế hoạch;</p>\r\n\r\n<p>e) Tăng cường tính chủ động của từng cơ quan, đơn vị; kịp thời hướng dẫn và tháo gỡ những vướng mắc, khó khăn trong quá trình tổ chức thực hiện nhiệm vụ được giao, bảo đảm chất lượng và tiến độ;</p>\r\n\r\n<p>d) Bảo đảm tiết kiệm, hiệu quả, phù hợp với đặc điểm tình hình thực tế, kế thừa và phát huy tối đa nguồn lực hiện có của cơ quan, đơn vị, địa phương.</p>\r\n\r\n<p><a name=\"muc_2\"><strong>II. NỘI DUNG THỰC HIỆN</strong></a></p>\r\n\r\n<p><a name=\"dieu_1\"><strong>1. Về lĩnh vực luật sư và tư vấn pháp luật</strong></a></p>\r\n\r\n<p>a. Rà soát, góp ý, kiến nghị, đề xuất sửa đổi, bổ sung văn bản quy phạm pháp luật về luật sư, tư vấn pháp luật cũng như những giải pháp nhằm tiếp tục hoàn thiện thể chế về luật sư và tư vấn pháp luật:</p>\r\n\r\n<p>- Cơ quan chủ trì: Sở Tư pháp;</p>\r\n\r\n<p>- Cơ quan phối hợp: Đoàn Luật sư, các Trung tâm tư vấn pháp luật và các sở, ngành có liên quan;</p>\r\n\r\n<p>- Thời gian thực hiện: theo yêu cầu của Bộ Tư pháp.</p>\r\n\r\n<p>b) Thực hiện tuyên truyền, phổ biến pháp luật về luật sư và tư vấn pháp luật; tuyên truyền nâng cao nhận thức về vị trí, vai trò của luật sư, tư vấn viên pháp luật trong xã hội:</p>\r\n\r\n<p>- Cơ quan thực hiện: Sở Tư pháp, Đoàn Luật sư, các Trung tâm tư vấn pháp luật;</p>\r\n\r\n<p>- Cơ quan phối hợp: cơ quan, tổ chức có liên quan;</p>\r\n\r\n<p>- Thời gian thực hiện: trong năm 2021.</p>\r\n\r\n<p>c) Nâng cao chất lượng đội ngũ luật sư, tư vấn viên pháp luật. Nghiên cứu đổi mới hình thức bồi dưỡng chuyên môn cho luật sư, tư vấn viên pháp luật phù hợp với tình hình thực tế:</p>\r\n\r\n<p>- Cơ quan chủ trì: Đoàn Luật sư, các Trung tâm tư vấn pháp luật;</p>\r\n\r\n<p>- Cơ quan phối hợp: Sở Tư pháp, tổ chức hành nghề luật sư, cơ quan, tổ chức có liên quan;</p>\r\n\r\n<p>- Thời gian thực hiện: trong năm 2021.</p>\r\n\r\n<p>d) Tăng cường vai trò tự quản của Đoàn Luật sư thành phố, nâng cao tính chuyên nghiệp của hoạt động luật sư và tổ chức hành nghề luật sư. Rà soát đội ngũ luật sư, đánh giá chất lượng hành nghề luật sư, tăng cường kiểm tra, giám sát hoạt động hành nghề luật sư:</p>\r\n\r\n<p>- Cơ quan chủ trì: Đoàn Luật sư;</p>\r\n\r\n<p>- Cơ quan phối hợp: Sở Tư pháp, tổ chức hành nghề luật sư và cơ quan, tổ chức có liên quan;</p>\r\n\r\n<p>- Thời gian thực hiện: trong năm 2021.</p>\r\n\r\n<p>đ) Nghiên cứu, xây dựng Đề án thí điểm khuyến khích, thu hút luật sư tham gia vào các hoạt động của thành phố nhằm hỗ trợ cho các cơ quan trong quá trình thực hiện chức năng, nhiệm vụ, đồng thời tham gia phản biện các dự thảo chính sách của thành phố:</p>\r\n\r\n<p>- Cơ quan chủ trì: Đoàn Luật sư;</p>\r\n\r\n<p>- Cơ quan phối hợp: Sở Tư pháp, cơ quan, tổ chức có liên quan;</p>\r\n\r\n<p>- Thời gian thực hiện: trong năm 2021.</p>\r\n\r\n<p>e) Tăng cường sự tham gia tư vấn pháp luật của luật sư, tư vấn viên pháp luật nhằm phát triển hoạt động hành nghề luật sư, hoạt động tư vấn pháp luật; phát huy vai trò của luật sư, tư vấn viên pháp luật trong đổi mới hoạt động tố tụng, tư vấn pháp luật, góp phần đẩy mạnh cải cách tư pháp:</p>\r\n\r\n<p>- Cơ quan chủ trì: Đoàn Luật sư, các Trung tâm tư vấn pháp luật;</p>\r\n\r\n<p>- Cơ quan phối hợp: Sở Tư pháp, cơ quan, tổ chức có liên quan;</p>\r\n\r\n<p>- Thời gian thực hiện: trong năm 2021.</p>\r\n\r\n<p>g) Tăng cường công tác thanh tra, kiểm tra về tổ chức và hoạt động luật sư, tổ chức hành nghề luật sư và các Trung tâm tư vấn pháp luật trên địa bàn thành phố:</p>\r\n\r\n<p>- Cơ quan chủ trì: Sở Tư pháp;</p>\r\n\r\n<p>- Cơ quan phối hợp: Đoàn Luật sư, các Trung tâm tư vấn pháp luật và cơ quan, tổ chức có liên quan;</p>\r\n\r\n<p>- Thời gian thực hiện: trong năm 2021.</p>\r\n\r\n<p><a name=\"dieu_2\"><strong>2. Về lĩnh vực công chứng</strong></a></p>\r\n\r\n<p>a) Thực hiện tuyên truyền, phổ biến pháp luật về công chứng, nâng cao nhận thức của Nhân dân về hoạt động công chứng; khuyến khích cá nhân, tổ chức thực hiện công chứng hợp đồng, giao dịch để bảo đảm an toàn pháp lý cho các bên tham gia hợp đồng, giao dịch, góp phần giảm tải công việc của cơ quan hành chính, giảm biên chế và chi ngân sách nhà nước:</p>\r\n\r\n<p>- Cơ quan chủ trì: Sở Tư pháp;</p>\r\n\r\n<p>- Cơ quan phối hợp: cơ quan, tổ chức có liên quan, Hội Công chứng viên thành phố, tổ chức hành nghề công chứng;</p>\r\n\r\n<p>- Thời gian thực hiện: trong năm 2021.</p>\r\n\r\n<p>b) Rà soát, góp ý, kiến nghị, đề xuất sửa đổi, bổ sung văn bản quy phạm pháp luật có liên quan đến lĩnh vực công chứng cũng như những giải pháp nhằm tiếp tục hoàn thiện thể chế lĩnh vực công chứng:</p>\r\n\r\n<p>- Cơ quan chủ trì: Sở Tư pháp;</p>\r\n\r\n<p>- Cơ quan phối hợp: cơ quan, tổ chức có liên quan, Hội Công chứng viên thành phố;</p>\r\n\r\n<p>- Thời gian thực hiện: theo yêu cầu của Bộ Tư pháp.</p>\r\n\r\n<p>c) Nghiên cứu, xây dựng Đề án tăng cường quản lý nhà nước trong hoạt động công chứng tại địa phương nhằm đáp ứng yêu cầu tiếp tục xã hội hóa hoạt động công chứng, bảo đảm phát triển nghề công chứng phù hợp với định hướng của Luật Công chứng, Nghị quyết số&nbsp;<a href=\"https://thuvienphapluat.vn/van-ban/dich-vu-phap-ly/nghi-quyet-172-nq-cp-2020-chinh-sach-phat-trien-nghe-cong-chung-457855.aspx\" target=\"_blank\">172/NQ-CP</a>&nbsp;và tình hình phát triển kinh tế - xã hội của địa phương:</p>\r\n\r\n<p>- Cơ quan chủ trì: Sở Tư pháp;</p>\r\n\r\n<p>- Cơ quan phối hợp: cơ quan, tổ chức có liên quan, Hội Công chứng viên thành phố;</p>\r\n\r\n<p>- Thời gian thực hiện: trong năm 2021.</p>\r\n\r\n<p>d) Sửa đổi, bổ sung hoặc ban hành văn bản thay thế Quyết định số&nbsp;<a href=\"https://thuvienphapluat.vn/van-ban/dich-vu-phap-ly/quyet-dinh-11-2019-qd-ubnd-ve-xet-duyet-ho-so-thanh-lap-van-phong-cong-chung-o-can-tho-418855.aspx\" target=\"_blank\">11/2019/QĐ-UBND</a>&nbsp;ngày 28 tháng 6 năm 2019 của Ủy ban nhân dân thành phố quy định tiêu chí xét duyệt hồ sơ đề nghị thành lập Văn phòng công chứng trên địa bàn thành phố Cần Thơ phù hợp với định hướng của Chính phủ tại Nghị quyết số&nbsp;<a href=\"https://thuvienphapluat.vn/van-ban/dich-vu-phap-ly/nghi-quyet-172-nq-cp-2020-chinh-sach-phat-trien-nghe-cong-chung-457855.aspx\" target=\"_blank\">172/NQ-CP</a>&nbsp;và tình hình phát triển kinh tế - xã hội của địa phương:</p>\r\n\r\n<p>- Cơ quan chủ trì: Sở Tư pháp;</p>\r\n\r\n<p>- Cơ quan phối hợp: các sở, ngành có liên quan, Hội Công chứng viên thành phố, Ủy ban nhân dân quận, huyện;</p>\r\n\r\n<p>- Thời gian thực hiện: Quý&nbsp;I&nbsp;năm 2021.</p>\r\n\r\n<p>đ) Đẩy mạnh ứng dụng công nghệ thông tin trong hoạt động công chứng, đáp ứng yêu cầu của việc xây dựng Chính phủ điện tử. Thực hiện bảo trì, nâng cấp Hệ thống thông tin cơ sở dữ liệu công chứng, chứng thực của thành phố, đảm bảo Hệ thống được vận hành đạt hiệu quả cao:</p>\r\n\r\n<p>- Cơ quan chủ trì: Sở Tư pháp;</p>\r\n\r\n<p>- Cơ quan phối hợp: Sở Thông tin và Truyền thông, Sở Tài chính, Hội Công chứng viên thành phố và cơ quan, tổ chức có liên quan;</p>\r\n\r\n<p>- Thời gian thực hiện: năm 2021 và những năm tiếp theo.</p>\r\n\r\n<p>e) Sửa đổi, bổ sung hoặc ban hành văn bản thay thế Quyết định số&nbsp;<a href=\"https://thuvienphapluat.vn/van-ban/dich-vu-phap-ly/quyet-dinh-2056-qd-ubnd-quan-ly-khai-thac-su-dung-he-thong-thong-tin-du-lieu-cong-chung-can-tho-2016-316991.aspx\" target=\"_blank\">2056/QĐ-UBND</a>&nbsp;ngày 20 tháng 6 năm 2016 của Ủy ban nhân dân thành phố ban hành Quy chế quản lý, khai thác và sử dụng Hệ thống thông tin cơ sở dữ liệu công chứng, chứng thực:</p>\r\n\r\n<p>- Cơ quan chủ trì: Sở Tư pháp;</p>\r\n\r\n<p>- Cơ quan phối hợp: Sở Thông tin và Truyền thông, Sở Tài chính, Hội Công chứng viên thành phố và cơ quan, tổ chức có liên quan;</p>\r\n\r\n<p>- Thời gian thực hiện: trong năm 2021.</p>\r\n\r\n<p>g) Phát huy trách nhiệm tự quản của tổ chức xã hội - nghề nghiệp của công chứng viên trong việc giám sát hoạt động hành nghề của các công chứng viên; xử lý nghiêm các hội viên vi phạm pháp luật, vi phạm đạo đức hành nghề công chứng hoặc kiến nghị các cơ quan có thẩm quyền xử lý các cá nhân, tổ chức có hành vi vi phạm pháp luật về công chứng theo quy định của pháp luật và Điều lệ Hiệp hội công chứng viên Việt Nam:</p>\r\n\r\n<p>- Cơ quan chủ trì: Hội Công chứng viên thành phố;</p>\r\n\r\n<p>- Cơ quan phối hợp: Sở Tư pháp và cơ quan, tổ chức có liên quan;</p>\r\n\r\n<p>- Thời gian thực hiện: năm 2021 và những năm tiếp theo.</p>\r\n\r\n<p>h) Nâng cao chất lượng đội ngũ công chứng viên. Nghiên cứu đổi mới hình thức bồi dưỡng chuyên môn cho công chứng viên phù hợp với tình hình thực tế:</p>\r\n\r\n<p>- Cơ quan chủ trì: Hội Công chứng viên thành phố;</p>\r\n\r\n<p>- Cơ quan phối hợp: Sở Tư pháp và cơ quan, tổ chức có liên quan;</p>\r\n\r\n<p>- Thời gian thực hiện: năm 2021 và những năm tiếp theo.</p>\r\n\r\n<p>i) Thực hiện kiểm tra, thanh tra việc tổ chức và hoạt động của công chứng viên, các tổ chức hành nghề công chứng, phát hiện, xử lý nghiêm những hành vi vi phạm pháp luật của các công chứng viên, các tổ chức hành nghề công chứng đúng theo quy định của pháp luật:</p>\r\n\r\n<p>- Cơ quan chủ trì: Sở Tư pháp;</p>\r\n\r\n<p>- Cơ quan phối hợp: Hội Công chứng viên thành phố và cơ quan, tổ chức có liên quan;</p>\r\n\r\n<p>- Thời gian thực hiện: trong năm 2021.</p>\r\n\r\n<p><a name=\"dieu_3\"><strong>3. Lĩnh vực giám định tư pháp</strong></a></p>\r\n\r\n<p>a) Thực hiện tuyên truyền, phổ biến pháp luật về giám định tư pháp; triển khai có hiệu quả Luật sửa đổi, bổ sung một số điều của Luật Giám định tư pháp và các văn bản có liên quan:</p>\r\n\r\n<p>- Cơ quan chủ trì: Sở Tư pháp;</p>\r\n\r\n<p>- Cơ quan phối hợp: cơ quan, tổ chức có liên quan, Ủy ban nhân dân quận, huyện;</p>\r\n\r\n<p>- Thời gian thực hiện: trong năm 2021.</p>\r\n\r\n<p>b) Nghiên cứu, xây dựng các quy định liên quan đến giám định tư pháp tại địa phương; rà soát, kiến nghị sửa đổi, bổ sung các văn bản pháp luật có liên quan đến giám định tư pháp do các cơ quan Trung ương ban hành chưa kịp thời hoặc chưa phù hợp, còn mâu thuẫn, chồng chéo:</p>\r\n\r\n<p>- Cơ quan thực hiện:</p>\r\n\r\n<p>+ Sở Tư pháp là đầu mối tổng hợp kiến nghị của các cơ quan về việc ban hành, sửa đổi, bổ sung văn bản liên quan đến giám định tư pháp, đồng thời chủ trì thực hiện xây dựng cơ chế, quy chế trình Ủy ban nhân dân thành phố;</p>\r\n\r\n<p>+ Sở, ngành có liên quan chủ động thực hiện việc rà soát, kiến nghị ban hành văn bản pháp luật hoặc sửa đổi, bổ sung văn bản pháp luật cho phù hợp, đồng thời phối hợp với Sở Tư pháp để thực hiện các nội dung nêu trên.</p>\r\n\r\n<p>- Thời gian thực hiện: trong năm 2021.</p>\r\n\r\n<p>c) Tiếp tục củng cố, kiện toàn, bảo đảm điều kiện và nâng cao chất lượng hoạt động của Ban Chỉ đạo và Tổ thư ký giúp việc Ban Chỉ đạo thực hiện Đề án tiếp tục đổi mới và nâng cao hiệu quả hoạt động giám định tư pháp:</p>\r\n\r\n<p>- Cơ quan chủ trì: Sở Tư pháp;</p>\r\n\r\n<p>- Cơ quan phối hợp: cơ quan, tổ chức có liên quan;</p>\r\n\r\n<p>- Thời gian thực hiện: trong năm 2021.</p>\r\n\r\n<p>d) Phát triển số lượng, nâng cao chất lượng giám định viên, người giám định theo vụ việc, tổ chức giám định theo vụ việc:</p>\r\n\r\n<p>- Cơ quan thực hiện: sở, ngành chuyên môn, các tổ chức giám định tư pháp;</p>\r\n\r\n<p>- Cơ quan phối hợp: Sở Tư pháp;</p>\r\n\r\n<p>- Thời gian thực hiện: trong năm 2021 và những năm tiếp theo.</p>\r\n\r\n<p>đ) Thực hiện công tác đào tạo, bồi dưỡng, tập huấn kiến thức pháp luật, nghiệp vụ giám định cho giám định viên, người giám định theo vụ việc:</p>\r\n\r\n<p>- Cơ quan chủ trì: Sở Tư pháp;</p>\r\n\r\n<p>- Cơ quan phối hợp: Sở Tài chính và cơ quan, tổ chức có liên quan;</p>\r\n\r\n<p>- Thời gian thực hiện: trong năm 2021.</p>\r\n\r\n<p>e) Tăng cường vai trò chỉ đạo của Đảng đối với hoạt động giám định tư pháp thông qua chế độ báo cáo, xin ý kiến, thông tin định kỳ, đột xuất:</p>\r\n\r\n<p>- Cơ quan chủ trì: Sở Tư pháp;</p>\r\n\r\n<p>- Cơ quan phối hợp: Công an thành phố, Tòa án nhân dân thành phố, Viện kiểm sát nhân dân thành phố, cơ quan, tổ chức có liên quan;</p>\r\n\r\n<p>- Thời gian thực hiện: trong năm 2021.</p>\r\n\r\n<p>g) Tăng cường chế độ thông tin, phối hợp giữa cơ quan chuyên môn thuộc Ủy ban nhân dân thành phố, cơ quan tiến hành tố tụng liên quan đến hoạt động giám định tư pháp với Sở Tư pháp:</p>\r\n\r\n<p>- Cơ quan thực hiện: Sở Tư pháp, Công an thành phố, Tòa án nhân dân thành phố, Viện kiểm sát nhân dân thành phố và cơ quan chuyên môn thuộc Ủy ban nhân dân thành phố;</p>\r\n\r\n<p>- Thời gian thực hiện: năm 2021 và những năm tiếp theo.</p>\r\n\r\n<p>h) Thực hiện kiểm tra, thanh tra về tình hình tổ chức, hoạt động, quản lý giám định tư pháp của các cơ quan chuyên môn, tổ chức giám định tư pháp công lập và tổ chức giám định tư pháp theo vụ việc:</p>\r\n\r\n<p>- Cơ quan thực hiện: Sở Tư pháp, Công an thành phố, Tòa án nhân dân thành phố, Viện kiểm sát nhân dân thành phố, cơ quan, tổ chức có liên quan;</p>\r\n\r\n<p>- Thời gian thực hiện: trong năm 2021.</p>\r\n\r\n<p><a name=\"dieu_4\"><strong>4. Lĩnh vực đấu giá tài sản</strong></a></p>\r\n\r\n<p>a) Tiếp tục đẩy mạnh công tác tuyên truyền, phổ biến các quy định của Luật Đấu giá tài sản năm 2016, Chỉ thị số&nbsp;<a href=\"https://thuvienphapluat.vn/phap-luat/tim-van-ban.aspx?keyword=40/CT-TTg&amp;match=True&amp;area=2&amp;lan=1\" target=\"_blank\">40/CT-TTg</a>&nbsp;và các văn bản có liên quan:</p>\r\n\r\n<p>- Cơ quan chủ trì: Sở Tư pháp;</p>\r\n\r\n<p>- Cơ quan phối hợp: cơ quan, tổ chức có liên quan;</p>\r\n\r\n<p>- Thời gian thực hiện: trong năm 2021.</p>\r\n\r\n<p>b) Đẩy mạnh ứng dụng công nghệ thông tin trong hoạt động đấu giá tài sản, thực hiện nghiêm việc đăng thông tin lên Cổng thông tin điện tử quốc gia về đấu giá tài sản theo quy định của Luật đấu giá tài sản:</p>\r\n\r\n<p>- Cơ quan thực hiện: cơ quan, tổ chức có liên quan, Ủy ban nhân dân quận, huyện;</p>\r\n\r\n<p>- Cơ quan phối hợp: Sở Tư pháp;</p>\r\n\r\n<p>- Thời gian thực hiện: trong năm 2021 và những năm tiếp theo.</p>\r\n\r\n<p>c) Tổ chức triển khai, thực hiện Thông tư quy định tiêu chí lựa chọn tổ chức đấu giá tài sản theo quy định tại khoản 4 Điều 5 Luật Đấu giá tài sản</p>\r\n\r\n<p>- Cơ quan chủ trì: Sở Tư pháp;</p>\r\n\r\n<p>- Cơ quan phối hợp: cơ quan, tổ chức có liên quan;</p>\r\n\r\n<p>- Thời gian thực hiện: trong năm 2021 (sau khi Bộ Tư pháp ban hành Thông tư).</p>\r\n\r\n<p>d) Tăng cường công tác thanh tra, kiểm tra về tổ chức và hoạt động đấu giá tài sản, xử lý nghiêm các hành vi vi phạm pháp luật trong hoạt động đấu giá tài sản:</p>\r\n\r\n<p>- Cơ quan chủ trì: Sở Tư pháp;</p>\r\n\r\n<p>- Cơ quan phối hợp: cơ quan, tổ chức có liên quan;</p>\r\n\r\n<p>- Thời gian thực hiện: trong năm 2021.</p>\r\n\r\n<p><a name=\"dieu_5\"><strong>5. Lĩnh vực Thừa phát lại</strong></a></p>\r\n\r\n<p>a) Tiếp tục đẩy mạnh công tác tuyên truyền, phổ biến các chủ trương của Đảng và các quy định pháp luật của Nhà nước về Thừa phát lại để Nhân dân, các tổ chức biết và sử dụng dịch vụ Thừa phát lại theo quy định của pháp luật:</p>\r\n\r\n<p>- Cơ quan chủ trì: Sở Tư pháp;</p>\r\n\r\n<p>- Cơ quan phối hợp: cơ quan, tổ chức có liên quan và các tổ chức Thừa phát lại;</p>\r\n\r\n<p>- Thời gian thực hiện: trong năm 2021.</p>\r\n\r\n<p>b) Xây dựng Đề án phát triển Văn phòng Thừa phát lại đảm bảo các tiêu chí quy định tại Nghị định số&nbsp;<a href=\"https://thuvienphapluat.vn/van-ban/bo-may-hanh-chinh/nghi-dinh-08-2020-nd-cp-to-chuc-va-hoat-dong-cua-thua-phat-lai-331814.aspx\" target=\"_blank\">08/2020/NĐ-CP</a>&nbsp;ngày 08 tháng 01 năm 2020 của Chính phủ về tổ chức và hoạt động Thừa phát lại:</p>\r\n\r\n<p>- Cơ quan chủ trì: Sở Tư pháp;</p>\r\n\r\n<p>- Cơ quan phối hợp: cơ quan, tổ chức có liên quan;</p>\r\n\r\n<p>- Thời gian thực hiện: Quý I năm 2021.</p>\r\n\r\n<p>c) Xây dựng cơ sở dữ liệu về vi bằng bảo đảm an toàn, bảo mật, thuận tiện trong quá trình quản lý, sử dụng và có khả năng kết nối với các Văn phòng Thừa phát lại tại địa phương:</p>\r\n\r\n<p>- Cơ quan chủ trì: Sở Tư pháp;</p>\r\n\r\n<p>- Cơ quan phối hợp: Sở Thông tin và Truyền thông, Sở Tài chính, cơ quan, tổ chức liên quan;</p>\r\n\r\n<p>- Thời gian thực hiện: năm 2021 và những năm tiếp theo.</p>\r\n\r\n<p>d) Xây dựng và ban hành quy chế quản lý, sử dụng cơ sở dữ liệu về vi bằng trên địa bàn thành phố:</p>\r\n\r\n<p>- Cơ quan chủ trì: Sở Tư pháp;</p>\r\n\r\n<p>- Cơ quan phối hợp: Sở Thông tin và Truyền thông, cơ quan, tổ chức liên quan;</p>\r\n\r\n<p>- Thời gian thực hiện: trong năm 2021 (sau khi xây dựng và vận hành ổn định cơ sở dữ liệu về vi bằng).</p>\r\n\r\n<p>đ) Thực hiện thanh tra, kiểm tra về tổ chức và hoạt động Thừa phát lại:</p>\r\n\r\n<p>- Cơ quan chủ trì: Sở Tư pháp;</p>\r\n\r\n<p>- Cơ quan phối hợp: cơ quan, tổ chức có liên quan;</p>\r\n\r\n<p>- Thời gian thực hiện: trong năm 2021.</p>\r\n', '/vanban/27-kh-hccv50..docx', '/vanban/anh4.jpg', '2022-06-18', NULL, NULL);

-- --------------------------------------------------------

--
-- Cấu trúc bảng cho bảng `vanphongcongchung`
--

CREATE TABLE `vanphongcongchung` (
  `ID_VPCC` int(10) UNSIGNED NOT NULL,
  `ID_ADMIN` int(11) NOT NULL,
  `TEN_VPCC` varchar(255) COLLATE utf8mb4_unicode_ci NOT NULL,
  `ANH_VPCC` varchar(255) COLLATE utf8mb4_unicode_ci NOT NULL,
  `THONGTIN_VPCC` text COLLATE utf8mb4_unicode_ci NOT NULL,
  `NGAYTHANHLAP_VPCC` date DEFAULT NULL,
  `created_at` timestamp NULL DEFAULT NULL,
  `updated_at` timestamp NULL DEFAULT NULL
) ENGINE=InnoDB DEFAULT CHARSET=utf8mb4 COLLATE=utf8mb4_unicode_ci;

--
-- Đang đổ dữ liệu cho bảng `vanphongcongchung`
--

INSERT INTO `vanphongcongchung` (`ID_VPCC`, `ID_ADMIN`, `TEN_VPCC`, `ANH_VPCC`, `THONGTIN_VPCC`, `NGAYTHANHLAP_VPCC`, `created_at`, `updated_at`) VALUES
(1, 1, 'Võ Thị Hồng Yến', '/vanphongcongchung/anh10.jpg', '<p><em><strong>Công chứng viên:</strong></em></p>\r\n\r\n<p>&nbsp; &nbsp; &nbsp;1.&nbsp; Võ Thị Hồng Yến - Trưởng Văn phòng</p>\r\n\r\n<p>&nbsp; &nbsp; &nbsp;2. Lê Quang Bảo Đức&nbsp;</p>\r\n\r\n<p><em><strong>Địa chỉ:</strong></em> 152A Nguyễn Hiền, KDC 91B, kv6 Phường An Khánh, Q. Ninh Kiều, TP. Cần Thơ</p>\r\n\r\n<p><em><strong>SĐT:</strong></em>&nbsp;&nbsp;0918. 392. 126&nbsp;</p>\r\n', '2020-06-07', '0000-00-00 00:00:00', '0000-00-00 00:00:00'),
(2, 1, 'Vĩnh Thạnh', '/vanphongcongchung/anh6.jpg', '<p><em><strong>Công chứng viên</strong></em></p>\r\n\r\n<p>&nbsp; &nbsp; &nbsp;1. Trịnh Văn Tâm - Trưởng văn phòng</p>\r\n\r\n<p>&nbsp; &nbsp; &nbsp;2. Lê Viết Bên&nbsp;</p>\r\n\r\n<p><strong><em>Địa chỉ:&nbsp;</em></strong> Số 06, khu Bến Tàu, Trung tâm Thương mại huyện Vĩnh Thạnh, TT. Vĩnh Thạnh, Huyện Vĩnh Thạnh, Cần Thơ.&nbsp;</p>\r\n\r\n<p><em><strong>SĐT:</strong></em>&nbsp; -đang cập nhật-</p>\r\n', '2012-10-01', '0000-00-00 00:00:00', '0000-00-00 00:00:00'),
(5, 1, 'Triệu Tấn Thọ', '/vanphongcongchung/anh7.jpg', '<p><em><strong>Công chứng viên:</strong></em></p>\r\n\r\n<p>&nbsp; &nbsp; &nbsp; 1.&nbsp;Triệu Tấn Thọ&nbsp;&nbsp;- Trưởng văn phòng</p>\r\n\r\n<p>&nbsp; &nbsp; &nbsp;&nbsp;&nbsp;2. Lê Nguyễn Nhu&nbsp;</p>\r\n\r\n<p><em><strong>Địa chỉ: </strong></em>810, KV Quy Thạnh, Phường Trung Kiên, Thốt Nốt, Cần Thơ.</p>\r\n\r\n<p><em><strong>SĐT:</strong></em> 02923.612.026</p>\r\n', '2016-06-29', '0000-00-00 00:00:00', '0000-00-00 00:00:00'),
(6, 1, 'Trần Văn Thanh', '/vanphongcongchung/anh8.jpg', '<p><em><strong>Công chứng viên</strong></em>&nbsp;&nbsp;</p>\r\n\r\n<p>&nbsp; &nbsp; &nbsp; 1. Trần Văn Thanh - Trưởng văn phòng</p>\r\n\r\n<p>&nbsp; &nbsp; &nbsp; 2. Tô Hoài Thanh</p>\r\n\r\n<p><em><strong>Địa chỉ:</strong></em> 71 Cách Mạng Tháng 8, phường An Thới, quận Bình Thủy, thành phố Cần Thơ</p>\r\n\r\n<p><em><strong>SĐT:</strong></em> 02923.881.975</p>\r\n', '2011-10-18', '0000-00-00 00:00:00', '0000-00-00 00:00:00'),
(7, 1, 'Trần Văn Mỹ', '/vanphongcongchung/anh9.jpg', '<p><em><strong>Công chứng viên:</strong></em></p>\r\n\r\n<p>&nbsp; &nbsp; &nbsp;1. Trần Văn Mỹ - Trưởng văn phòng</p>\r\n\r\n<p>&nbsp; &nbsp; &nbsp;2. Trần Mạnh Hùng&nbsp;&nbsp;</p>\r\n\r\n<p><em><strong>Địa chỉ: </strong></em>số 110, đường CMT8, phường Bùi Hữu Nghĩa, quận Bình Thủy, thành phố Cần Thơ.</p>\r\n\r\n<p><em><strong>SĐT:</strong></em> 02923.881.599</p>\r\n', '2010-03-10', '0000-00-00 00:00:00', '0000-00-00 00:00:00'),
(8, 1, 'Trần Ngọc Chiến', '/vanphongcongchung/anh5.png', '<p><em><strong>Công chứng viên:</strong></em></p>\r\n\r\n<p>&nbsp; &nbsp; &nbsp;1. Trần Ngọc Chiến - Trưởng văn phòng</p>\r\n\r\n<p>&nbsp; &nbsp; &nbsp;2.&nbsp;Thái Hùng Minh&nbsp;</p>\r\n\r\n<p><em><strong>Địa chỉ:</strong></em>&nbsp; 296, đường Nguyễn Văn Cừ, phường An Hòa, quận Ninh Kiều, thành phố Cần Thơ</p>\r\n\r\n<p><em><strong>SĐT: </strong></em>0292.381.9999</p>\r\n', '2016-03-21', '0000-00-00 00:00:00', '0000-00-00 00:00:00'),
(9, 1, 'Thiệu Ngọc Tuyết', '/vanphongcongchung/anh11.jpg', '<p><em><strong>Công chứng viên:</strong></em></p>\r\n\r\n<p>&nbsp; &nbsp; &nbsp;1. Thiệu Ngọc Tuyết - Trưởng văn phòng&nbsp;&nbsp;</p>\r\n\r\n<p><em><strong>Địa Chỉ:</strong></em>&nbsp; 77, Quốc lộ 91B, Phường Phước Thới, Quận Ô Môn, TP. Cần Thơ.&nbsp;</p>\r\n\r\n<p><em><strong>SĐT:</strong></em> 0292.6521.234&nbsp;</p>\r\n', '2014-09-06', '0000-00-00 00:00:00', '0000-00-00 00:00:00'),
(10, 1, 'Tây Nam', '/vanphongcongchung/anh12.png', '<p><em><strong>Công chứng viên:</strong></em></p>\r\n\r\n<p>&nbsp; &nbsp; &nbsp; &nbsp;1. Trần Mộng Hùng - Trưởng văn phòng</p>\r\n\r\n<p>&nbsp; &nbsp; &nbsp; &nbsp;2.&nbsp;Hồ Thanh Hùng</p>\r\n\r\n<p><em><strong>Địa chỉ: </strong></em>T1-6, Tây Nguyên Plaza, KDC Long Thịnh, đường Võ Nguyên Giáp, Phường Phú Thứ, Quận Cái Răng, TP. Cần Thơ.</p>\r\n\r\n<p><em><strong>SĐT:</strong></em> 02926.258.908 - <strong><em>Email:&nbsp;</em></strong>congchungtaynam@gmail.com&nbsp;</p>\r\n', '2012-12-19', '0000-00-00 00:00:00', '0000-00-00 00:00:00'),
(11, 1, 'Nguyễn Văn Bê', '/vanphongcongchung/anh13.jpg', '<p><em><strong>Công chứng viên:</strong></em></p>\r\n\r\n<p>&nbsp; &nbsp; &nbsp;1. Nguyễn Văn Bê</p>\r\n\r\n<p>&nbsp; &nbsp; &nbsp;2. Nguyễn Hoàng Cẩm Thi&nbsp;</p>\r\n\r\n<p><em><strong>Địa chỉ:</strong></em> ấp Thới Khánh A, xã Tân Thạnh, huyện Thới&nbsp;Lai, thành phố Cần Thơ</p>\r\n\r\n<p><em><strong>SĐT:</strong></em> 02926.256.066</p>\r\n', '2006-09-14', '0000-00-00 00:00:00', '0000-00-00 00:00:00'),
(12, 1, 'Nguyễn Thị Bích Liên', '/vanphongcongchung/anh4.jpg', '<p><em><strong>Công chứng viên:</strong></em></p>\r\n\r\n<p>&nbsp; &nbsp; &nbsp;1. Nguyễn Thị Bích Liên - Trưởng văn phòng</p>\r\n\r\n<p>&nbsp; &nbsp; &nbsp;2. Cao Thanh Tùng</p>\r\n\r\n<p>&nbsp; &nbsp; &nbsp;3. Ung Thị Như Quỳnh&nbsp;</p>\r\n\r\n<p><em><strong>Địa chỉ:</strong></em> số 03, đường Nam Kỳ Khởi Nghĩa, phường Tân An, Ninh Kiều, Cần Thơ</p>\r\n\r\n<p><em><strong>SĐT:</strong></em> 02923.817.595</p>\r\n', '2013-12-23', '0000-00-00 00:00:00', '0000-00-00 00:00:00'),
(14, 1, 'Nguyễn Thanh Tùng', '/vanphongcongchung/anh1.png', '<p><em><strong>Công chứng viên:</strong></em></p>\r\n\r\n<p>&nbsp; &nbsp; &nbsp;1. Nguyễn Thanh Tùng - Trưởng văn phòng</p>\r\n\r\n<p>&nbsp; &nbsp; &nbsp;2. Lê Việt Hùng&nbsp;</p>\r\n\r\n<p><em><strong>Địa chỉ:</strong></em> ấp Thới Thuận B, thị trấn Thới Lai, huyện Thới Lai, Cần Thơ.</p>\r\n\r\n<p><em><strong>SĐT: </strong></em>0988.993.77</p>\r\n', '2016-03-01', '0000-00-00 00:00:00', '0000-00-00 00:00:00'),
(15, 1, 'Nguyễn Thanh Đình', '/vanphongcongchung/anh.png', '<p><em><strong>Công chứng viên:&nbsp;</strong></em></p>\r\n\r\n<p>&nbsp; &nbsp; &nbsp;1. Nguyễn Thanh Đình - Trưởng văn phòng</p>\r\n\r\n<p>&nbsp; &nbsp; &nbsp;2. Nguyễn Thanh Toàn&nbsp;</p>\r\n\r\n<p>&nbsp; &nbsp; &nbsp;3. Trương Mộng Quỳnh</p>\r\n\r\n<p><em><strong>Địa chỉ:&nbsp;</strong></em>số 146G, Trần Văn Hoài, Xuân Khánh, Ninh Kiều, Cần Thơ.</p>\r\n\r\n<p><em><strong>SĐT: </strong></em>02923.823.930 -&nbsp;<em><strong>Fax:</strong></em> 02923.824.117</p>\r\n', '2016-01-01', '0000-00-00 00:00:00', '0000-00-00 00:00:00'),
(16, 1, 'Nguyễn Ngọc Long', '/vanphongcongchung/anh14.jpg', '<p><em><strong>Công chứng viên:</strong></em></p>\r\n\r\n<p>&nbsp; &nbsp; &nbsp;1. Nguyễn Ngọc Long - Trưởng văn phòng</p>\r\n\r\n<p>&nbsp; &nbsp; &nbsp;2. Lê Thị Ái Vân</p>\r\n\r\n<p><em><strong>Địa chỉ:</strong></em> 65A-AA, KDC Hồng Phát, đường Nguyễn Văn Cừ (nối dài), phường An Bình, quận Ninh Kiều, TP. Cần Thơ</p>\r\n\r\n<p><em><strong>SĐT:</strong></em> 02923969966&nbsp;</p>\r\n', '2019-08-15', '0000-00-00 00:00:00', '0000-00-00 00:00:00'),
(17, 1, 'Nguyễn Hoài Thanh', '/vanphongcongchung/anh2.jpg', '<p><em><strong>Công chứng viên&nbsp;&nbsp;</strong></em></p>\r\n\r\n<p>&nbsp; &nbsp; &nbsp;1. Nguyễn Hoài Thanh - Trưởng văn phòng</p>\r\n\r\n<p>&nbsp; &nbsp; &nbsp;2. Trần Hữu Xinh&nbsp;</p>\r\n\r\n<p>&nbsp; &nbsp; &nbsp;3. Nguyễn Hồng Ái Anh&nbsp;</p>\r\n\r\n<p><strong><em>Địa chỉ:</em></strong> 09, đường Lê Hồng Phong, Phường Bình Thủy, Quận Bình Thủy, TP. Cần Thơ.&nbsp;</p>\r\n\r\n<p><em><strong>SĐT: </strong></em>02923.763.966</p>\r\n', '2006-07-12', '0000-00-00 00:00:00', '0000-00-00 00:00:00'),
(18, 1, 'Nguyễn Đức Thắng', '/vanphongcongchung/anh3.jpg', '<p><em><strong>Công chứng viên:</strong></em></p>\r\n\r\n<p>&nbsp; &nbsp; &nbsp;1. Nguyễn Đức Thắng - Trưởng văn phòng</p>\r\n\r\n<p><em><strong>&nbsp;Địa chỉ: </strong></em>Ấp Vĩnh Tiến, thị trấn Vĩnh Thạnh, huyện Vĩnh Thạnh, thành phố Cần Thơ.</p>\r\n\r\n<p>&nbsp;<em><strong>SĐT:</strong></em>&nbsp;0988 993 779&nbsp;</p>\r\n', '2020-09-18', '0000-00-00 00:00:00', '0000-00-00 00:00:00'),
(19, 1, 'Ngô Hồng Thanh', '/vanphongcongchung/anh15.jpg', '<p><em><strong>Công chứng viên:</strong></em></p>\r\n\r\n<p>&nbsp; &nbsp; &nbsp;1. Ngô Hồng Thanh - Trưởng văn phòng</p>\r\n\r\n<p><em><strong>Địa chỉ:</strong></em> HD8-1, Đường Võ Nguyên Giáp, KDC Nam Long, KV2, Phường Hưng Thạnh, Quận Cái Răng, TP. Cần Thơ.</p>\r\n\r\n<p><em><strong>SĐT:</strong></em> 02923.846.947&nbsp;</p>\r\n', '2017-05-30', '0000-00-00 00:00:00', '0000-00-00 00:00:00'),
(20, 1, 'Ngô Công Quốc Thái', '/vanphongcongchung/anh16.jpg', '<p><em><strong>Công chứng viên:</strong></em></p>\r\n\r\n<p>&nbsp; &nbsp; &nbsp;1. Nguyễn Thị Cưỡng&nbsp; - Trưởng văn phòng&nbsp;&nbsp;</p>\r\n\r\n<p>&nbsp; &nbsp; &nbsp;2. Ngô Công Quốc Thái - hợp danh</p>\r\n\r\n<p><em><strong>Địa chỉ:</strong></em> 172B Lê Bình, phường Hưng Lợi, quận Ninh Kiều, TP. Cần Thơ.&nbsp;&nbsp;</p>\r\n\r\n<p><em><strong>SĐT:</strong></em> 0913 961 297 - 0292 3939 345 - <em><strong>Email:</strong></em>&nbsp;congchungninhkieu@gmail.com&nbsp;</p>\r\n', '2006-10-29', '0000-00-00 00:00:00', '0000-00-00 00:00:00'),
(25, 1, 'Huỳnh Thị Thúy Kiều', '/vanphongcongchung/anh17.jpg', '<p><em><strong>Công chứng viên:</strong></em></p>\r\n\r\n<p>&nbsp; &nbsp; &nbsp;1.Huỳnh Đức Khải - - Trưởng Văn phòng</p>\r\n\r\n<p>&nbsp; &nbsp; &nbsp;2.Huỳnh Thị Thúy Kiều - Công chứng viên</p>\r\n\r\n<p><em><strong>Địa chỉ:</strong></em> Số 02N Mậu Thân, phường An Nghiệp, quận Ninh Kiều, thành phố Cần Thơ</p>\r\n\r\n<p><em><strong>SĐT:</strong></em> 02922 240 555 - 0979 395 282 -<em><strong> Email:&nbsp;</strong></em>congchungthuykieu@gmail.com</p>\r\n', '2020-06-21', '0000-00-00 00:00:00', '0000-00-00 00:00:00'),
(27, 1, 'Hà Thanh Hải', '/vanphongcongchung/anh18.jpeg', '<p><em><strong>Công chứng viên:</strong></em></p>\r\n\r\n<p>&nbsp; &nbsp; &nbsp;1. Hà Thanh Hải - Trưởng Văn phòng</p>\r\n\r\n<p>&nbsp; &nbsp; &nbsp;2. Lê Văn Rắc&nbsp;</p>\r\n\r\n<p><em><strong>Địa chỉ: </strong></em>C8-01 đường số 12,Nguyễn Chánh, KDC 586, KV Thạnh&nbsp; Thới, P. Phú Thứ, Q. Cái Răng, TP. Cần Thơ.</p>\r\n\r\n<p><em><strong>SĐT: </strong></em>0978.089.089&nbsp; - <em><strong>Email:</strong></em>&nbsp;congchungcairang@gmail.com&nbsp;</p>\r\n', '2019-12-06', '0000-00-00 00:00:00', '0000-00-00 00:00:00');

-- --------------------------------------------------------

--
-- Cấu trúc bảng cho bảng `ykiendonggop`
--

CREATE TABLE `ykiendonggop` (
  `ID_YKDG` int(10) UNSIGNED NOT NULL,
  `NOIDUNG_YKDG` varchar(255) COLLATE utf8mb4_unicode_ci NOT NULL,
  `THOIGIAN_YKDG` timestamp NOT NULL DEFAULT current_timestamp() ON UPDATE current_timestamp(),
  `HOTEN_YKDG` varchar(255) COLLATE utf8mb4_unicode_ci NOT NULL,
  `EMAIL_YKDG` varchar(255) COLLATE utf8mb4_unicode_ci NOT NULL,
  `SDT_YKDG` varchar(255) COLLATE utf8mb4_unicode_ci NOT NULL,
  `created_at` timestamp NULL DEFAULT NULL,
  `updated_at` timestamp NULL DEFAULT NULL
) ENGINE=InnoDB DEFAULT CHARSET=utf8mb4 COLLATE=utf8mb4_unicode_ci;

--
-- Đang đổ dữ liệu cho bảng `ykiendonggop`
--

INSERT INTO `ykiendonggop` (`ID_YKDG`, `NOIDUNG_YKDG`, `THOIGIAN_YKDG`, `HOTEN_YKDG`, `EMAIL_YKDG`, `SDT_YKDG`, `created_at`, `updated_at`) VALUES
(1, 'xin chao', '2022-06-17 04:32:14', 'tuong', 'tuong@gmail.com', '0947573654', NULL, NULL);

--
-- Chỉ mục cho các bảng đã đổ
--

--
-- Chỉ mục cho bảng `admin`
--
ALTER TABLE `admin`
  ADD PRIMARY KEY (`ID_ADMIN`);

--
-- Chỉ mục cho bảng `bieumauccv`
--
ALTER TABLE `bieumauccv`
  ADD PRIMARY KEY (`ID_BMCCV`);

--
-- Chỉ mục cho bảng `chuyenmucdiemtin`
--
ALTER TABLE `chuyenmucdiemtin`
  ADD PRIMARY KEY (`ID_CHUYENMUC_DT`);

--
-- Chỉ mục cho bảng `chuyenmucphapluat`
--
ALTER TABLE `chuyenmucphapluat`
  ADD PRIMARY KEY (`ID_CHUYENMUC_PL`);

--
-- Chỉ mục cho bảng `chuyenmucthuvien`
--
ALTER TABLE `chuyenmucthuvien`
  ADD PRIMARY KEY (`ID_CHUYENMUC_TV`);

--
-- Chỉ mục cho bảng `chuyenmucvanban`
--
ALTER TABLE `chuyenmucvanban`
  ADD PRIMARY KEY (`ID_CHUYENMUC_VB`);

--
-- Chỉ mục cho bảng `diemtin`
--
ALTER TABLE `diemtin`
  ADD PRIMARY KEY (`ID_DT`);

--
-- Chỉ mục cho bảng `hoivien`
--
ALTER TABLE `hoivien`
  ADD PRIMARY KEY (`ID_HV`);

--
-- Chỉ mục cho bảng `khach`
--
ALTER TABLE `khach`
  ADD PRIMARY KEY (`ID_KHACH`);

--
-- Chỉ mục cho bảng `lienketwebsite`
--
ALTER TABLE `lienketwebsite`
  ADD PRIMARY KEY (`ID_LKWEB`);

--
-- Chỉ mục cho bảng `migrations`
--
ALTER TABLE `migrations`
  ADD PRIMARY KEY (`id`);

--
-- Chỉ mục cho bảng `phapluat`
--
ALTER TABLE `phapluat`
  ADD PRIMARY KEY (`ID_PL`);

--
-- Chỉ mục cho bảng `thuvien`
--
ALTER TABLE `thuvien`
  ADD PRIMARY KEY (`ID_TV`);

--
-- Chỉ mục cho bảng `vanban`
--
ALTER TABLE `vanban`
  ADD PRIMARY KEY (`ID_VB`);

--
-- Chỉ mục cho bảng `vanphongcongchung`
--
ALTER TABLE `vanphongcongchung`
  ADD PRIMARY KEY (`ID_VPCC`);

--
-- Chỉ mục cho bảng `ykiendonggop`
--
ALTER TABLE `ykiendonggop`
  ADD PRIMARY KEY (`ID_YKDG`);

--
-- AUTO_INCREMENT cho các bảng đã đổ
--

--
-- AUTO_INCREMENT cho bảng `admin`
--
ALTER TABLE `admin`
  MODIFY `ID_ADMIN` int(10) UNSIGNED NOT NULL AUTO_INCREMENT, AUTO_INCREMENT=2;

--
-- AUTO_INCREMENT cho bảng `bieumauccv`
--
ALTER TABLE `bieumauccv`
  MODIFY `ID_BMCCV` int(10) UNSIGNED NOT NULL AUTO_INCREMENT, AUTO_INCREMENT=8;

--
-- AUTO_INCREMENT cho bảng `chuyenmucdiemtin`
--
ALTER TABLE `chuyenmucdiemtin`
  MODIFY `ID_CHUYENMUC_DT` int(10) UNSIGNED NOT NULL AUTO_INCREMENT, AUTO_INCREMENT=3;

--
-- AUTO_INCREMENT cho bảng `chuyenmucphapluat`
--
ALTER TABLE `chuyenmucphapluat`
  MODIFY `ID_CHUYENMUC_PL` int(10) UNSIGNED NOT NULL AUTO_INCREMENT, AUTO_INCREMENT=16;

--
-- AUTO_INCREMENT cho bảng `chuyenmucthuvien`
--
ALTER TABLE `chuyenmucthuvien`
  MODIFY `ID_CHUYENMUC_TV` int(10) UNSIGNED NOT NULL AUTO_INCREMENT, AUTO_INCREMENT=3;

--
-- AUTO_INCREMENT cho bảng `chuyenmucvanban`
--
ALTER TABLE `chuyenmucvanban`
  MODIFY `ID_CHUYENMUC_VB` int(10) UNSIGNED NOT NULL AUTO_INCREMENT, AUTO_INCREMENT=4;

--
-- AUTO_INCREMENT cho bảng `diemtin`
--
ALTER TABLE `diemtin`
  MODIFY `ID_DT` int(10) UNSIGNED NOT NULL AUTO_INCREMENT, AUTO_INCREMENT=20;

--
-- AUTO_INCREMENT cho bảng `hoivien`
--
ALTER TABLE `hoivien`
  MODIFY `ID_HV` int(10) UNSIGNED NOT NULL AUTO_INCREMENT, AUTO_INCREMENT=7;

--
-- AUTO_INCREMENT cho bảng `khach`
--
ALTER TABLE `khach`
  MODIFY `ID_KHACH` int(10) UNSIGNED NOT NULL AUTO_INCREMENT, AUTO_INCREMENT=4;

--
-- AUTO_INCREMENT cho bảng `lienketwebsite`
--
ALTER TABLE `lienketwebsite`
  MODIFY `ID_LKWEB` int(10) UNSIGNED NOT NULL AUTO_INCREMENT, AUTO_INCREMENT=4;

--
-- AUTO_INCREMENT cho bảng `migrations`
--
ALTER TABLE `migrations`
  MODIFY `id` int(10) UNSIGNED NOT NULL AUTO_INCREMENT, AUTO_INCREMENT=33;

--
-- AUTO_INCREMENT cho bảng `phapluat`
--
ALTER TABLE `phapluat`
  MODIFY `ID_PL` int(10) UNSIGNED NOT NULL AUTO_INCREMENT, AUTO_INCREMENT=18;

--
-- AUTO_INCREMENT cho bảng `thuvien`
--
ALTER TABLE `thuvien`
  MODIFY `ID_TV` int(10) UNSIGNED NOT NULL AUTO_INCREMENT, AUTO_INCREMENT=47;

--
-- AUTO_INCREMENT cho bảng `vanban`
--
ALTER TABLE `vanban`
  MODIFY `ID_VB` int(10) UNSIGNED NOT NULL AUTO_INCREMENT, AUTO_INCREMENT=14;

--
-- AUTO_INCREMENT cho bảng `vanphongcongchung`
--
ALTER TABLE `vanphongcongchung`
  MODIFY `ID_VPCC` int(10) UNSIGNED NOT NULL AUTO_INCREMENT, AUTO_INCREMENT=37;

--
-- AUTO_INCREMENT cho bảng `ykiendonggop`
--
ALTER TABLE `ykiendonggop`
  MODIFY `ID_YKDG` int(10) UNSIGNED NOT NULL AUTO_INCREMENT, AUTO_INCREMENT=5;
COMMIT;

/*!40101 SET CHARACTER_SET_CLIENT=@OLD_CHARACTER_SET_CLIENT */;
/*!40101 SET CHARACTER_SET_RESULTS=@OLD_CHARACTER_SET_RESULTS */;
/*!40101 SET COLLATION_CONNECTION=@OLD_COLLATION_CONNECTION */;
